trip_id,user_id,driver_id,product_id,city_id,request_date,request_date_id,pickup_date_id,dropoff_date_id,status,distance_km,surge_multiplier,fare,incentive_id,incentive_amount
1,84,7,3,7,2024-03-09,20240309,20240309,20240309,completed,5.17,1.07,16.6,,0.0
2,112,14,1,1,2024-02-18,20240218,20240218,20240218,completed,1.63,1.37,6.7,1.0,2.43
3,86,9,3,10,2024-01-26,20240126,20240126,20240126,cancelled_driver,28.53,2.15,184.02,,0.0
4,141,15,1,10,2024-01-05,20240105,20240105,20240105,completed,11.19,1.1,36.93,1.0,2.18
5,187,21,3,7,2024-01-22,20240122,20240122,20240122,completed,3.6,1.22,13.18,2.0,3.46
6,19,35,1,10,2024-03-19,20240319,20240319,20240319,completed,8.72,2.04,53.37,2.0,2.5
7,177,2,1,6,2024-01-13,20240113,20240113,20240113,cancelled_user,8.46,2.34,59.39,,0.0
8,100,27,3,6,2024-01-28,20240128,20240128,20240128,completed,13.65,1.95,79.85,,0.0
9,140,2,2,8,2024-02-02,20240202,20240202,20240202,cancelled_user,9.19,1.33,36.67,,0.0
10,189,35,3,8,2024-01-23,20240123,20240123,20240123,cancelled_user,5.16,1.08,16.72,,0.0
11,147,18,2,6,2024-01-18,20240118,20240118,20240118,cancelled_user,4.7,1.92,27.07,1.0,2.61
12,76,14,1,3,2024-01-30,20240130,20240130,20240130,cancelled_user,3.15,1.07,10.11,,0.0
13,9,20,3,5,2024-01-26,20240126,20240126,20240126,completed,4.92,1.92,28.34,,0.0
14,199,18,3,2,2024-01-16,20240116,20240116,20240116,completed,7.93,1.34,31.88,,0.0
15,28,10,3,5,2024-03-17,20240317,20240317,20240317,cancelled_driver,17.37,2.36,122.98,,0.0
16,128,25,2,9,2024-02-08,20240208,20240208,20240208,completed,3.15,1.71,16.16,,0.0
17,52,2,2,10,2024-02-02,20240202,20240202,20240202,completed,4.26,1.34,17.13,,0.0
18,83,25,1,1,2024-01-26,20240126,20240126,20240126,completed,2.94,2.28,20.11,1.0,4.39
19,111,33,2,10,2024-02-17,20240217,20240217,20240217,completed,5.52,1.38,22.85,,0.0
20,144,36,2,5,2024-03-05,20240305,20240305,20240305,cancelled_user,4.97,1.46,21.77,,0.0
21,117,31,1,6,2024-02-07,20240207,20240207,20240207,completed,0.09,2.25,0.61,2.0,1.26
22,69,14,3,7,2024-01-02,20240102,20240102,20240102,completed,3.9,1.46,17.08,,0.0
23,99,1,3,9,2024-01-06,20240106,20240106,20240106,cancelled_driver,0.46,1.62,2.24,2.0,2.4
24,140,46,1,6,2024-02-15,20240215,20240215,20240215,cancelled_user,0.13,1.52,0.59,,0.0
25,25,16,3,5,2024-02-19,20240219,20240219,20240219,completed,7.83,1.17,27.48,,0.0
26,180,46,2,7,2024-02-07,20240207,20240207,20240207,completed,1.5,1.06,4.77,,0.0
27,123,3,1,1,2024-03-28,20240328,20240328,20240328,completed,2.08,2.09,13.04,,0.0
28,53,35,1,5,2024-01-18,20240118,20240118,20240118,completed,0.33,1.97,1.95,2.0,4.51
29,151,41,1,2,2024-01-27,20240127,20240127,20240127,completed,0.99,1.42,4.22,2.0,1.64
30,144,6,3,4,2024-02-10,20240210,20240210,20240210,completed,7.25,1.44,31.32,,0.0
31,57,25,1,7,2024-03-12,20240312,20240312,20240312,completed,3.4,2.42,24.68,1.0,2.39
32,39,13,1,5,2024-03-14,20240314,20240314,20240314,completed,10.63,2.48,79.09,,0.0
33,109,34,1,6,2024-01-17,20240117,20240117,20240117,completed,2.53,1.71,12.98,1.0,2.34
34,181,8,3,2,2024-03-02,20240302,20240302,20240302,completed,1.56,2.2,10.3,1.0,2.34
35,42,21,2,3,2024-01-29,20240129,20240129,20240129,completed,2.14,2.11,13.55,,0.0
36,186,34,1,7,2024-02-27,20240227,20240227,20240227,completed,6.24,1.45,27.14,,0.0
37,167,4,2,2,2024-03-10,20240310,20240310,20240310,completed,4.05,1.09,13.24,1.0,3.15
38,142,25,3,6,2024-03-18,20240318,20240318,20240318,completed,11.73,1.21,42.58,2.0,2.12
39,122,15,3,5,2024-01-22,20240122,20240122,20240122,completed,4.61,2.26,31.26,1.0,2.16
40,133,4,3,10,2024-01-06,20240106,20240106,20240106,cancelled_driver,3.4,2.1,21.42,,0.0
41,163,45,3,1,2024-01-26,20240126,20240126,20240126,completed,7.7,2.0,46.2,1.0,1.12
42,75,12,2,10,2024-02-08,20240208,20240208,20240208,completed,14.74,1.2,53.06,,0.0
43,146,32,1,4,2024-01-12,20240112,20240112,20240112,completed,2.2,1.96,12.94,,0.0
44,76,32,3,2,2024-01-14,20240114,20240114,20240114,cancelled_user,1.44,2.16,9.33,,0.0
45,9,28,3,4,2024-01-22,20240122,20240122,20240122,completed,4.79,2.29,32.91,2.0,3.68
46,74,13,2,1,2024-02-20,20240220,20240220,20240220,completed,3.45,1.02,10.56,,0.0
47,186,31,2,2,2024-01-23,20240123,20240123,20240123,completed,22.63,2.03,137.82,,0.0
48,145,14,3,8,2024-02-17,20240217,20240217,20240217,completed,3.1,1.03,9.58,2.0,4.54
49,7,20,1,6,2024-03-11,20240311,20240311,20240311,cancelled_user,0.39,2.06,2.41,2.0,4.92
50,174,18,1,2,2024-02-19,20240219,20240219,20240219,completed,18.94,1.95,110.8,,0.0
51,141,29,3,6,2024-03-29,20240329,20240329,20240329,completed,9.28,1.22,33.96,2.0,3.19
52,168,6,2,10,2024-01-13,20240113,20240113,20240113,completed,0.98,2.15,6.32,,0.0
53,170,32,3,9,2024-03-25,20240325,20240325,20240325,completed,11.75,1.1,38.78,,0.0
54,137,29,3,7,2024-01-10,20240110,20240110,20240110,completed,2.08,2.24,13.98,,0.0
55,178,43,2,9,2024-02-24,20240224,20240224,20240224,completed,2.37,1.39,9.88,,0.0
56,27,2,3,5,2024-01-09,20240109,20240109,20240109,completed,11.84,2.03,72.11,,0.0
57,122,23,3,7,2024-03-19,20240319,20240319,20240319,completed,3.78,2.39,27.1,1.0,4.65
58,194,19,3,7,2024-02-21,20240221,20240221,20240221,completed,0.74,1.51,3.35,1.0,2.86
59,5,31,2,3,2024-01-02,20240102,20240102,20240102,cancelled_driver,2.3,1.75,12.08,,0.0
60,29,5,1,7,2024-01-25,20240125,20240125,20240125,completed,6.4,1.69,32.45,,0.0
61,165,19,1,1,2024-01-13,20240113,20240113,20240113,cancelled_user,0.96,1.24,3.57,,0.0
62,166,34,2,9,2024-02-20,20240220,20240220,20240220,completed,4.46,1.89,25.29,,0.0
63,83,10,1,10,2024-02-27,20240227,20240227,20240227,cancelled_driver,5.94,2.11,37.6,2.0,2.42
64,136,25,3,6,2024-02-03,20240203,20240203,20240203,completed,2.11,2.38,15.07,2.0,2.35
65,109,2,1,5,2024-02-04,20240204,20240204,20240204,completed,5.92,2.28,40.49,2.0,2.35
66,65,11,3,7,2024-01-03,20240103,20240103,20240103,cancelled_user,10.78,1.77,57.24,1.0,1.13
67,86,50,1,5,2024-02-28,20240228,20240228,20240228,completed,3.19,2.08,19.91,,0.0
68,145,31,2,10,2024-03-10,20240310,20240310,20240310,completed,2.41,2.2,15.91,,0.0
69,71,15,1,5,2024-02-17,20240217,20240217,20240217,completed,1.45,1.74,7.57,,0.0
70,45,9,1,10,2024-03-04,20240304,20240304,20240304,completed,4.63,1.17,16.25,,0.0
71,132,23,1,7,2024-01-19,20240119,20240119,20240119,completed,10.6,1.66,52.79,2.0,1.67
72,36,19,2,10,2024-03-07,20240307,20240307,20240307,completed,1.96,2.26,13.29,1.0,4.9
73,70,9,1,7,2024-03-22,20240322,20240322,20240322,completed,2.52,1.89,14.29,2.0,3.51
74,159,35,2,3,2024-03-13,20240313,20240313,20240313,completed,2.61,2.09,16.36,,0.0
75,19,21,3,3,2024-03-16,20240316,20240316,20240316,completed,4.11,1.28,15.78,,0.0
76,189,9,1,10,2024-01-05,20240105,20240105,20240105,completed,1.3,2.45,9.56,,0.0
77,108,28,2,3,2024-03-07,20240307,20240307,20240307,completed,8.64,1.61,41.73,,0.0
78,182,46,2,6,2024-01-11,20240111,20240111,20240111,cancelled_driver,1.75,1.98,10.4,1.0,3.68
79,167,7,1,6,2024-03-08,20240308,20240308,20240308,completed,6.11,1.03,18.88,1.0,4.92
80,91,16,3,3,2024-03-09,20240309,20240309,20240309,completed,3.6,1.19,12.85,,0.0
81,90,16,2,3,2024-01-01,20240101,20240101,20240101,completed,4.41,2.17,28.71,2.0,1.86
82,19,33,1,8,2024-03-31,20240331,20240331,20240331,completed,0.99,2.45,7.28,,0.0
83,39,4,3,8,2024-03-03,20240303,20240303,20240303,completed,6.64,1.48,29.48,,0.0
84,126,4,2,7,2024-01-29,20240129,20240129,20240129,completed,1.05,1.06,3.34,2.0,3.13
85,195,39,2,10,2024-03-22,20240322,20240322,20240322,completed,0.6,1.54,2.77,,0.0
86,173,40,3,4,2024-01-12,20240112,20240112,20240112,completed,3.96,1.03,12.24,,0.0
87,141,17,3,4,2024-03-17,20240317,20240317,20240317,completed,6.18,1.29,23.92,,0.0
88,126,37,1,3,2024-02-10,20240210,20240210,20240210,completed,0.26,2.13,1.66,1.0,4.95
89,58,39,1,5,2024-01-02,20240102,20240102,20240102,completed,0.36,2.41,2.6,,0.0
90,148,29,2,3,2024-02-06,20240206,20240206,20240206,completed,8.11,1.13,27.49,,0.0
91,200,36,3,8,2024-02-14,20240214,20240214,20240214,cancelled_user,8.28,1.84,45.71,,0.0
92,61,38,3,7,2024-03-20,20240320,20240320,20240320,completed,1.41,1.38,5.84,1.0,1.86
93,127,39,3,3,2024-02-17,20240217,20240217,20240217,completed,4.78,1.21,17.35,,0.0
94,105,50,2,9,2024-01-24,20240124,20240124,20240124,completed,2.93,1.33,11.69,,0.0
95,167,37,3,5,2024-01-22,20240122,20240122,20240122,completed,5.01,1.87,28.11,,0.0
96,1,35,3,9,2024-01-11,20240111,20240111,20240111,completed,9.93,1.1,32.77,,0.0
97,131,7,2,7,2024-02-27,20240227,20240227,20240227,completed,0.42,1.65,2.08,,0.0
98,92,27,1,7,2024-02-15,20240215,20240215,20240215,completed,7.53,1.2,27.11,,0.0
99,190,28,1,6,2024-01-29,20240129,20240129,20240129,completed,3.4,1.41,14.38,2.0,3.58
100,191,22,2,2,2024-02-04,20240204,20240204,20240204,completed,4.15,1.29,16.06,,0.0
101,113,14,3,9,2024-01-15,20240115,20240115,20240115,completed,5.31,2.32,36.96,1.0,2.69
102,153,7,2,6,2024-02-29,20240229,20240229,20240229,completed,12.8,2.06,79.1,,0.0
103,56,37,1,8,2024-02-11,20240211,20240211,20240211,completed,0.29,2.3,2.0,,0.0
104,161,22,1,1,2024-02-12,20240212,20240212,20240212,completed,0.15,1.58,0.71,2.0,3.77
105,166,5,2,5,2024-03-20,20240320,20240320,20240320,completed,0.98,1.47,4.32,,0.0
106,117,2,2,1,2024-03-14,20240314,20240314,20240314,completed,21.51,1.57,101.31,,0.0
107,134,27,1,10,2024-02-18,20240218,20240218,20240218,cancelled_user,6.28,1.03,19.41,1.0,3.85
108,58,21,2,8,2024-03-04,20240304,20240304,20240304,completed,4.77,2.09,29.91,,0.0
109,44,38,1,8,2024-02-01,20240201,20240201,20240201,completed,0.24,1.52,1.09,2.0,4.61
110,173,15,2,1,2024-03-04,20240304,20240304,20240304,completed,10.56,1.47,46.57,,0.0
111,160,21,2,9,2024-01-02,20240102,20240102,20240102,cancelled_user,8.38,1.9,47.77,,0.0
112,173,10,2,2,2024-01-24,20240124,20240124,20240124,completed,5.47,1.65,27.08,,0.0
113,61,23,1,9,2024-03-27,20240327,20240327,20240327,completed,2.07,2.47,15.34,,0.0
114,47,39,2,1,2024-03-06,20240306,20240306,20240306,completed,0.37,1.53,1.7,,0.0
115,149,5,1,10,2024-02-07,20240207,20240207,20240207,completed,4.34,1.92,25.0,2.0,3.09
116,80,1,1,9,2024-01-31,20240131,20240131,20240131,completed,6.36,1.47,28.05,,0.0
117,118,13,2,4,2024-01-26,20240126,20240126,20240126,completed,0.49,2.49,3.66,,0.0
118,164,21,2,9,2024-01-29,20240129,20240129,20240129,completed,5.02,1.67,25.15,,0.0
119,147,26,1,7,2024-03-07,20240307,20240307,20240307,completed,1.69,1.95,9.89,,0.0
120,20,50,1,6,2024-03-18,20240318,20240318,20240318,cancelled_user,7.22,1.19,25.78,,0.0
121,185,45,3,5,2024-01-25,20240125,20240125,20240125,completed,3.88,2.1,24.44,,0.0
122,146,21,1,9,2024-02-17,20240217,20240217,20240217,completed,0.69,1.4,2.9,2.0,4.14
123,47,18,3,2,2024-03-05,20240305,20240305,20240305,completed,3.74,1.67,18.74,,0.0
124,49,37,3,2,2024-02-22,20240222,20240222,20240222,completed,2.52,2.32,17.54,,0.0
125,14,45,3,9,2024-03-07,20240307,20240307,20240307,completed,0.99,2.46,7.31,2.0,1.47
126,143,32,2,3,2024-03-30,20240330,20240330,20240330,completed,9.21,1.64,45.31,,0.0
127,159,36,2,8,2024-01-18,20240118,20240118,20240118,completed,0.06,2.25,0.4,,0.0
128,1,17,1,9,2024-01-09,20240109,20240109,20240109,completed,1.87,1.08,6.06,,0.0
129,117,35,3,8,2024-02-07,20240207,20240207,20240207,completed,0.06,2.27,0.41,,0.0
130,54,49,2,4,2024-03-27,20240327,20240327,20240327,completed,0.5,1.94,2.91,,0.0
131,118,11,2,1,2024-01-21,20240121,20240121,20240121,completed,1.76,1.73,9.13,,0.0
132,3,21,2,4,2024-03-05,20240305,20240305,20240305,completed,0.28,2.33,1.96,,0.0
133,144,26,2,9,2024-01-21,20240121,20240121,20240121,completed,4.54,2.27,30.92,2.0,3.13
134,185,4,2,2,2024-01-27,20240127,20240127,20240127,completed,0.45,1.45,1.96,,0.0
135,12,34,3,3,2024-03-10,20240310,20240310,20240310,completed,6.05,2.19,39.75,,0.0
136,74,48,3,10,2024-02-13,20240213,20240213,20240213,completed,0.27,1.15,0.93,,0.0
137,16,18,3,8,2024-01-28,20240128,20240128,20240128,completed,0.31,2.23,2.07,,0.0
138,200,40,3,6,2024-02-14,20240214,20240214,20240214,completed,1.82,2.01,10.97,2.0,1.08
139,102,35,1,8,2024-01-17,20240117,20240117,20240117,completed,11.34,1.13,38.44,1.0,1.41
140,152,41,3,7,2024-02-09,20240209,20240209,20240209,cancelled_user,5.13,2.02,31.09,,0.0
141,156,29,2,5,2024-01-03,20240103,20240103,20240103,completed,7.35,1.87,41.23,,0.0
142,117,29,3,9,2024-03-16,20240316,20240316,20240316,completed,0.76,1.89,4.31,,0.0
143,8,38,1,4,2024-03-16,20240316,20240316,20240316,completed,8.98,1.44,38.79,,0.0
144,122,42,2,6,2024-03-06,20240306,20240306,20240306,completed,0.04,1.4,0.17,2.0,2.4
145,92,21,3,2,2024-02-15,20240215,20240215,20240215,completed,1.2,2.14,7.7,2.0,4.16
146,164,42,3,2,2024-03-26,20240326,20240326,20240326,completed,4.79,1.39,19.97,,0.0
147,90,13,3,2,2024-03-27,20240327,20240327,20240327,completed,2.35,1.67,11.77,2.0,2.78
148,136,49,2,10,2024-01-30,20240130,20240130,20240130,completed,20.74,2.04,126.93,,0.0
149,186,41,2,7,2024-03-09,20240309,20240309,20240309,completed,0.15,1.12,0.5,2.0,3.48
150,60,17,1,2,2024-01-09,20240109,20240109,20240109,completed,32.85,1.89,186.26,,0.0
151,178,9,2,2,2024-03-25,20240325,20240325,20240325,completed,4.89,1.88,27.58,1.0,1.31
152,28,41,2,9,2024-01-11,20240111,20240111,20240111,completed,4.09,2.03,24.91,2.0,3.66
153,101,1,3,7,2024-03-09,20240309,20240309,20240309,cancelled_user,0.31,1.55,1.44,,0.0
154,41,2,2,3,2024-03-31,20240331,20240331,20240331,completed,1.6,1.67,8.02,,0.0
155,192,48,3,3,2024-03-06,20240306,20240306,20240306,completed,12.93,1.49,57.8,2.0,1.16
156,155,29,3,7,2024-03-28,20240328,20240328,20240328,completed,2.19,2.21,14.52,,0.0
157,191,33,2,5,2024-01-31,20240131,20240131,20240131,completed,5.42,1.2,19.51,2.0,1.27
158,145,10,1,10,2024-02-02,20240202,20240202,20240202,cancelled_user,37.97,2.44,277.94,,0.0
159,161,50,1,6,2024-02-08,20240208,20240208,20240208,cancelled_user,1.53,1.95,8.95,2.0,2.57
160,157,40,2,8,2024-02-15,20240215,20240215,20240215,completed,4.29,2.33,29.99,2.0,2.46
161,141,21,1,9,2024-02-06,20240206,20240206,20240206,cancelled_user,5.96,1.64,29.32,,0.0
162,46,28,3,1,2024-02-29,20240229,20240229,20240229,completed,0.9,1.5,4.05,2.0,4.83
163,35,11,3,3,2024-01-31,20240131,20240131,20240131,completed,0.8,2.35,5.64,,0.0
164,134,34,2,7,2024-01-11,20240111,20240111,20240111,cancelled_user,3.05,1.15,10.52,2.0,2.88
165,82,8,1,6,2024-03-27,20240327,20240327,20240327,completed,2.44,1.18,8.64,,0.0
166,115,22,1,7,2024-01-02,20240102,20240102,20240102,completed,6.26,1.45,27.23,2.0,3.32
167,197,8,3,8,2024-01-27,20240127,20240127,20240127,completed,0.36,2.44,2.64,2.0,3.77
168,47,49,2,6,2024-01-02,20240102,20240102,20240102,cancelled_driver,17.91,1.95,104.77,1.0,4.32
169,153,15,1,3,2024-01-21,20240121,20240121,20240121,completed,0.07,1.83,0.38,,0.0
170,194,17,2,2,2024-02-27,20240227,20240227,20240227,cancelled_user,4.6,2.06,28.43,,0.0
171,10,23,1,7,2024-01-05,20240105,20240105,20240105,completed,4.13,1.63,20.2,,0.0
172,56,24,3,1,2024-02-21,20240221,20240221,20240221,completed,0.72,2.14,4.62,,0.0
173,30,45,3,3,2024-02-14,20240214,20240214,20240214,cancelled_user,0.82,1.59,3.91,,0.0
174,109,19,2,4,2024-03-25,20240325,20240325,20240325,completed,7.87,2.24,52.89,,0.0
175,5,5,3,1,2024-01-20,20240120,20240120,20240120,cancelled_user,10.93,1.4,45.91,1.0,4.98
176,119,32,1,5,2024-03-01,20240301,20240301,20240301,completed,1.66,1.42,7.07,2.0,2.97
177,33,44,3,10,2024-02-07,20240207,20240207,20240207,completed,2.88,1.78,15.38,,0.0
178,118,1,2,3,2024-01-20,20240120,20240120,20240120,completed,2.19,1.65,10.84,,0.0
179,65,23,2,2,2024-01-25,20240125,20240125,20240125,completed,0.38,1.97,2.25,1.0,4.58
180,146,37,2,3,2024-01-02,20240102,20240102,20240102,completed,5.59,1.55,25.99,,0.0
181,177,8,1,8,2024-02-01,20240201,20240201,20240201,cancelled_driver,8.72,1.35,35.32,,0.0
182,11,13,1,6,2024-01-26,20240126,20240126,20240126,cancelled_driver,1.82,1.7,9.28,,0.0
183,85,8,1,7,2024-03-10,20240310,20240310,20240310,completed,23.11,1.84,127.57,2.0,4.68
184,26,23,1,6,2024-02-10,20240210,20240210,20240210,cancelled_driver,0.39,1.21,1.42,,0.0
185,63,43,1,6,2024-03-07,20240307,20240307,20240307,cancelled_user,5.42,1.84,29.92,1.0,4.07
186,86,1,3,3,2024-01-01,20240101,20240101,20240101,completed,2.97,1.48,13.19,1.0,2.51
187,59,45,1,8,2024-02-20,20240220,20240220,20240220,completed,2.96,1.59,14.12,,0.0
188,27,24,1,7,2024-01-05,20240105,20240105,20240105,cancelled_user,3.06,1.42,13.04,2.0,4.16
189,177,35,3,7,2024-01-13,20240113,20240113,20240113,completed,1.5,2.4,10.8,2.0,4.0
190,161,24,1,6,2024-01-19,20240119,20240119,20240119,cancelled_user,6.29,2.03,38.31,2.0,4.88
191,98,17,2,5,2024-01-12,20240112,20240112,20240112,cancelled_user,6.39,1.39,26.65,,0.0
192,105,5,1,10,2024-02-17,20240217,20240217,20240217,cancelled_user,1.66,1.97,9.81,1.0,3.44
193,99,20,1,8,2024-01-25,20240125,20240125,20240125,completed,9.02,2.27,61.43,2.0,4.64
194,129,21,2,5,2024-02-26,20240226,20240226,20240226,completed,1.91,1.6,9.17,,0.0
195,149,40,2,9,2024-02-04,20240204,20240204,20240204,completed,6.46,2.24,43.41,,0.0
196,55,31,2,9,2024-03-16,20240316,20240316,20240316,completed,0.64,1.23,2.36,,0.0
197,6,46,2,1,2024-01-05,20240105,20240105,20240105,completed,0.92,2.23,6.15,2.0,3.61
198,197,36,1,6,2024-01-22,20240122,20240122,20240122,completed,1.9,1.81,10.32,2.0,3.11
199,95,11,2,7,2024-03-17,20240317,20240317,20240317,completed,4.51,1.33,17.99,,0.0
200,133,15,2,3,2024-02-26,20240226,20240226,20240226,cancelled_user,5.19,1.61,25.07,1.0,4.53
201,102,19,3,7,2024-02-16,20240216,20240216,20240216,completed,2.52,2.48,18.75,,0.0
202,3,7,2,7,2024-02-23,20240223,20240223,20240223,completed,0.41,2.18,2.68,,0.0
203,181,28,2,2,2024-01-03,20240103,20240103,20240103,completed,2.34,1.86,13.06,1.0,3.69
204,23,43,3,7,2024-02-22,20240222,20240222,20240222,completed,5.84,1.17,20.5,,0.0
205,53,5,3,1,2024-03-24,20240324,20240324,20240324,completed,5.56,1.63,27.19,1.0,1.36
206,165,5,1,5,2024-01-31,20240131,20240131,20240131,completed,0.87,1.39,3.63,,0.0
207,83,30,3,9,2024-03-09,20240309,20240309,20240309,completed,0.04,1.11,0.13,,0.0
208,145,32,1,7,2024-03-28,20240328,20240328,20240328,completed,6.99,1.81,37.96,,0.0
209,85,8,3,7,2024-02-02,20240202,20240202,20240202,completed,0.56,2.33,3.91,1.0,1.03
210,78,10,3,2,2024-03-12,20240312,20240312,20240312,cancelled_user,0.43,2.01,2.59,2.0,1.73
211,110,38,1,8,2024-03-28,20240328,20240328,20240328,cancelled_user,0.01,1.37,0.04,2.0,2.32
212,1,47,3,3,2024-02-19,20240219,20240219,20240219,cancelled_driver,2.83,1.86,15.79,2.0,3.15
213,51,32,1,8,2024-03-24,20240324,20240324,20240324,cancelled_user,3.5,2.41,25.3,,0.0
214,173,48,3,3,2024-01-16,20240116,20240116,20240116,cancelled_user,5.08,2.08,31.7,,0.0
215,4,28,2,10,2024-03-16,20240316,20240316,20240316,cancelled_user,1.76,2.03,10.72,,0.0
216,190,17,3,7,2024-03-17,20240317,20240317,20240317,completed,6.2,2.45,45.57,,0.0
217,193,31,1,2,2024-02-08,20240208,20240208,20240208,completed,0.93,2.2,6.14,,0.0
218,113,8,3,4,2024-03-29,20240329,20240329,20240329,completed,8.92,1.2,32.11,,0.0
219,32,40,1,6,2024-02-15,20240215,20240215,20240215,completed,4.24,1.52,19.33,1.0,2.84
220,34,25,1,9,2024-03-28,20240328,20240328,20240328,completed,4.38,2.45,32.19,,0.0
221,92,9,2,5,2024-02-16,20240216,20240216,20240216,completed,1.18,1.73,6.12,,0.0
222,95,2,2,9,2024-02-13,20240213,20240213,20240213,cancelled_user,0.38,1.17,1.33,,0.0
223,72,15,1,5,2024-01-09,20240109,20240109,20240109,cancelled_driver,3.12,1.69,15.82,,0.0
224,39,50,3,10,2024-03-27,20240327,20240327,20240327,completed,4.78,2.05,29.4,,0.0
225,154,3,1,8,2024-02-19,20240219,20240219,20240219,completed,0.5,2.5,3.75,2.0,1.94
226,162,49,1,1,2024-03-17,20240317,20240317,20240317,cancelled_driver,15.03,1.49,67.18,,0.0
227,182,36,3,7,2024-02-29,20240229,20240229,20240229,completed,19.66,1.77,104.39,1.0,3.36
228,118,4,3,4,2024-01-15,20240115,20240115,20240115,completed,3.94,2.32,27.42,,0.0
229,3,14,3,5,2024-02-05,20240205,20240205,20240205,completed,14.99,1.53,68.8,,0.0
230,123,41,3,6,2024-03-03,20240303,20240303,20240303,completed,0.99,1.16,3.45,,0.0
231,50,41,1,5,2024-03-09,20240309,20240309,20240309,completed,0.13,2.42,0.94,,0.0
232,12,25,1,1,2024-03-26,20240326,20240326,20240326,cancelled_user,0.2,1.73,1.04,,0.0
233,193,50,2,9,2024-03-20,20240320,20240320,20240320,completed,4.43,1.75,23.26,2.0,4.15
234,54,10,1,2,2024-02-10,20240210,20240210,20240210,completed,0.32,1.93,1.85,1.0,4.47
235,133,21,3,9,2024-03-14,20240314,20240314,20240314,completed,15.92,1.01,48.24,,0.0
236,57,36,2,10,2024-01-24,20240124,20240124,20240124,completed,0.77,2.4,5.54,1.0,2.43
237,145,12,3,2,2024-03-22,20240322,20240322,20240322,cancelled_driver,1.82,1.54,8.41,1.0,3.56
238,112,27,1,9,2024-02-18,20240218,20240218,20240218,completed,8.64,1.6,41.47,2.0,1.14
239,47,40,2,6,2024-01-18,20240118,20240118,20240118,completed,1.23,1.26,4.65,,0.0
240,151,2,3,9,2024-01-07,20240107,20240107,20240107,completed,1.39,1.57,6.55,1.0,3.11
241,85,13,2,6,2024-01-04,20240104,20240104,20240104,completed,5.14,2.21,34.08,,0.0
242,142,32,2,6,2024-03-30,20240330,20240330,20240330,completed,1.62,2.2,10.69,,0.0
243,66,31,1,2,2024-03-09,20240309,20240309,20240309,completed,1.23,2.4,8.86,,0.0
244,75,16,3,8,2024-02-29,20240229,20240229,20240229,completed,1.47,1.6,7.06,1.0,4.97
245,179,32,2,3,2024-02-24,20240224,20240224,20240224,completed,3.37,2.06,20.83,,0.0
246,103,32,2,7,2024-01-16,20240116,20240116,20240116,completed,16.92,1.76,89.34,,0.0
247,166,34,3,5,2024-03-30,20240330,20240330,20240330,cancelled_driver,8.93,2.21,59.21,,0.0
248,192,11,2,3,2024-03-22,20240322,20240322,20240322,cancelled_user,1.67,2.07,10.37,,0.0
249,38,10,2,1,2024-01-29,20240129,20240129,20240129,completed,2.26,1.55,10.51,,0.0
250,50,15,2,8,2024-01-23,20240123,20240123,20240123,completed,3.12,1.51,14.13,1.0,1.92
251,98,17,3,3,2024-01-14,20240114,20240114,20240114,completed,19.3,1.38,79.9,,0.0
252,82,40,3,2,2024-03-19,20240319,20240319,20240319,cancelled_user,0.95,1.86,5.3,1.0,2.07
253,30,18,3,1,2024-02-18,20240218,20240218,20240218,completed,2.21,2.45,16.24,2.0,4.94
254,79,9,3,4,2024-02-02,20240202,20240202,20240202,completed,6.54,1.3,25.51,,0.0
255,91,25,1,8,2024-01-25,20240125,20240125,20240125,completed,16.61,1.14,56.81,,0.0
256,179,40,2,3,2024-01-21,20240121,20240121,20240121,cancelled_user,0.85,1.18,3.01,1.0,4.16
257,191,14,3,1,2024-01-17,20240117,20240117,20240117,completed,1.29,2.17,8.4,,0.0
258,52,25,2,4,2024-01-23,20240123,20240123,20240123,completed,1.28,1.53,5.88,,0.0
259,166,50,2,9,2024-02-26,20240226,20240226,20240226,completed,0.11,1.34,0.44,1.0,1.83
260,79,22,1,1,2024-03-21,20240321,20240321,20240321,completed,4.63,1.53,21.25,,0.0
261,30,30,3,2,2024-02-27,20240227,20240227,20240227,completed,5.55,1.97,32.8,2.0,3.19
262,106,20,3,9,2024-01-14,20240114,20240114,20240114,cancelled_user,4.61,1.82,25.17,2.0,4.68
263,51,21,2,2,2024-01-20,20240120,20240120,20240120,cancelled_user,0.37,2.12,2.35,2.0,4.97
264,81,44,3,3,2024-01-30,20240130,20240130,20240130,completed,0.36,1.51,1.63,1.0,2.15
265,133,32,2,7,2024-01-19,20240119,20240119,20240119,cancelled_user,1.18,1.68,5.95,2.0,3.79
266,29,46,2,3,2024-02-22,20240222,20240222,20240222,completed,1.71,1.15,5.9,1.0,3.39
267,132,49,1,9,2024-02-25,20240225,20240225,20240225,completed,7.72,1.11,25.71,,0.0
268,138,21,1,6,2024-03-17,20240317,20240317,20240317,completed,0.87,1.69,4.41,,0.0
269,184,35,1,3,2024-03-22,20240322,20240322,20240322,cancelled_driver,0.23,1.45,1.0,,0.0
270,145,32,2,9,2024-01-23,20240123,20240123,20240123,completed,2.5,1.92,14.4,,0.0
271,74,30,3,1,2024-03-02,20240302,20240302,20240302,completed,2.69,1.06,8.55,1.0,3.82
272,17,39,1,10,2024-02-02,20240202,20240202,20240202,cancelled_user,3.0,1.18,10.62,,0.0
273,84,49,3,3,2024-01-18,20240118,20240118,20240118,completed,8.77,2.3,60.51,,0.0
274,69,12,1,1,2024-03-13,20240313,20240313,20240313,completed,0.52,1.85,2.89,2.0,1.67
275,34,41,1,2,2024-02-02,20240202,20240202,20240202,completed,6.09,2.07,37.82,1.0,2.58
276,6,47,2,8,2024-02-01,20240201,20240201,20240201,completed,2.06,2.26,13.97,,0.0
277,53,18,1,7,2024-03-01,20240301,20240301,20240301,cancelled_user,1.86,1.7,9.49,,0.0
278,194,21,1,2,2024-02-23,20240223,20240223,20240223,completed,13.48,2.14,86.54,,0.0
279,126,13,2,2,2024-01-17,20240117,20240117,20240117,completed,1.43,1.79,7.68,1.0,4.1
280,43,21,3,9,2024-01-19,20240119,20240119,20240119,completed,5.14,1.33,20.51,1.0,2.88
281,115,8,1,6,2024-03-31,20240331,20240331,20240331,completed,1.61,1.51,7.29,,0.0
282,111,46,2,5,2024-03-10,20240310,20240310,20240310,completed,3.54,1.74,18.48,,0.0
283,151,40,1,10,2024-02-03,20240203,20240203,20240203,completed,7.72,1.48,34.28,1.0,4.19
284,183,46,2,6,2024-03-24,20240324,20240324,20240324,cancelled_user,10.67,1.5,48.02,2.0,1.81
285,80,7,3,9,2024-01-25,20240125,20240125,20240125,completed,9.12,1.51,41.31,,0.0
286,95,23,3,7,2024-03-08,20240308,20240308,20240308,completed,4.36,1.18,15.43,,0.0
287,118,44,2,10,2024-03-14,20240314,20240314,20240314,completed,1.43,1.13,4.85,2.0,1.75
288,144,32,2,10,2024-03-14,20240314,20240314,20240314,completed,5.41,1.07,17.37,,0.0
289,8,11,2,9,2024-03-28,20240328,20240328,20240328,completed,6.19,1.17,21.73,,0.0
290,132,22,3,4,2024-03-25,20240325,20240325,20240325,completed,0.05,1.52,0.23,,0.0
291,104,22,1,2,2024-01-11,20240111,20240111,20240111,cancelled_user,2.89,1.89,16.39,2.0,1.74
292,132,43,3,8,2024-03-31,20240331,20240331,20240331,completed,9.27,1.28,35.6,2.0,4.82
293,184,25,2,4,2024-01-16,20240116,20240116,20240116,completed,3.36,2.33,23.49,,0.0
294,25,22,2,9,2024-03-30,20240330,20240330,20240330,completed,1.87,2.21,12.4,2.0,3.94
295,195,28,3,4,2024-03-01,20240301,20240301,20240301,cancelled_driver,10.27,1.78,54.84,,0.0
296,96,29,2,8,2024-03-20,20240320,20240320,20240320,completed,0.85,2.09,5.33,,0.0
297,195,13,3,9,2024-01-07,20240107,20240107,20240107,completed,1.16,1.55,5.39,2.0,2.77
298,155,18,2,9,2024-01-16,20240116,20240116,20240116,completed,5.81,1.06,18.48,,0.0
299,93,2,1,10,2024-01-16,20240116,20240116,20240116,completed,2.17,2.36,15.36,,0.0
300,160,29,1,4,2024-02-09,20240209,20240209,20240209,completed,6.24,1.19,22.28,,0.0
301,178,21,2,1,2024-01-12,20240112,20240112,20240112,cancelled_user,0.86,2.42,6.24,1.0,2.93
302,61,15,3,3,2024-02-04,20240204,20240204,20240204,completed,1.45,1.86,8.09,,0.0
303,122,27,1,9,2024-01-21,20240121,20240121,20240121,completed,0.85,1.46,3.72,,0.0
304,51,50,3,4,2024-02-19,20240219,20240219,20240219,completed,15.28,1.74,79.76,,0.0
305,147,31,2,5,2024-02-12,20240212,20240212,20240212,completed,2.6,1.75,13.65,,0.0
306,21,15,3,7,2024-01-17,20240117,20240117,20240117,completed,2.06,1.03,6.37,,0.0
307,5,23,1,5,2024-02-01,20240201,20240201,20240201,completed,0.07,1.53,0.32,,0.0
308,92,24,3,4,2024-02-10,20240210,20240210,20240210,completed,0.83,2.11,5.25,,0.0
309,170,44,3,2,2024-01-06,20240106,20240106,20240106,completed,2.73,1.77,14.5,2.0,4.93
310,61,13,2,2,2024-03-28,20240328,20240328,20240328,completed,0.35,1.37,1.44,,0.0
311,22,22,2,4,2024-01-27,20240127,20240127,20240127,completed,3.57,1.5,16.06,,0.0
312,149,43,2,10,2024-01-20,20240120,20240120,20240120,cancelled_user,3.03,2.29,20.82,1.0,1.3
313,70,37,1,10,2024-01-25,20240125,20240125,20240125,completed,7.29,1.79,39.15,1.0,1.05
314,1,33,1,9,2024-03-06,20240306,20240306,20240306,completed,5.39,1.79,28.94,,0.0
315,133,3,2,8,2024-01-09,20240109,20240109,20240109,cancelled_user,2.95,2.44,21.59,,0.0
316,12,19,2,3,2024-02-22,20240222,20240222,20240222,completed,1.27,1.48,5.64,,0.0
317,90,23,1,9,2024-03-01,20240301,20240301,20240301,cancelled_user,6.49,1.72,33.49,1.0,1.01
318,46,29,1,5,2024-02-07,20240207,20240207,20240207,cancelled_driver,6.15,2.22,40.96,1.0,3.46
319,34,30,1,3,2024-01-03,20240103,20240103,20240103,cancelled_user,0.83,2.14,5.33,1.0,2.7
320,177,39,1,5,2024-03-24,20240324,20240324,20240324,cancelled_user,12.31,1.4,51.7,,0.0
321,78,44,2,10,2024-03-10,20240310,20240310,20240310,completed,0.33,1.23,1.22,,0.0
322,45,47,1,4,2024-02-24,20240224,20240224,20240224,completed,0.28,2.05,1.72,2.0,3.28
323,155,25,2,8,2024-01-01,20240101,20240101,20240101,completed,1.04,1.39,4.34,1.0,3.63
324,73,37,3,5,2024-03-10,20240310,20240310,20240310,completed,12.01,2.38,85.75,,0.0
325,26,47,3,10,2024-02-14,20240214,20240214,20240214,completed,3.67,1.19,13.1,,0.0
326,47,8,1,8,2024-02-16,20240216,20240216,20240216,completed,7.75,1.48,34.41,1.0,1.45
327,121,42,3,9,2024-03-19,20240319,20240319,20240319,completed,1.29,1.08,4.18,,0.0
328,56,16,3,4,2024-01-26,20240126,20240126,20240126,cancelled_user,3.37,2.05,20.73,1.0,1.18
329,94,8,3,7,2024-01-14,20240114,20240114,20240114,cancelled_user,2.22,2.34,15.58,,0.0
330,107,1,1,2,2024-02-23,20240223,20240223,20240223,cancelled_user,8.8,1.95,51.48,,0.0
331,63,44,1,6,2024-03-11,20240311,20240311,20240311,completed,0.11,2.41,0.8,,0.0
332,48,5,3,8,2024-02-15,20240215,20240215,20240215,cancelled_user,1.4,1.19,5.0,2.0,3.56
333,61,3,2,7,2024-01-31,20240131,20240131,20240131,cancelled_user,0.83,1.13,2.81,2.0,2.91
334,81,1,3,7,2024-03-28,20240328,20240328,20240328,completed,9.8,2.26,66.44,,0.0
335,26,4,1,8,2024-02-28,20240228,20240228,20240228,completed,3.15,2.28,21.55,2.0,3.87
336,36,40,1,7,2024-01-29,20240129,20240129,20240129,cancelled_user,2.59,2.25,17.48,,0.0
337,1,35,1,5,2024-01-17,20240117,20240117,20240117,cancelled_user,2.98,2.2,19.67,,0.0
338,8,32,3,7,2024-01-14,20240114,20240114,20240114,completed,17.86,1.54,82.51,,0.0
339,113,42,2,10,2024-02-05,20240205,20240205,20240205,completed,9.49,1.33,37.87,,0.0
340,99,34,1,3,2024-02-27,20240227,20240227,20240227,completed,6.13,2.39,43.95,,0.0
341,180,43,1,5,2024-01-24,20240124,20240124,20240124,completed,1.72,1.46,7.53,,0.0
342,47,25,3,7,2024-03-03,20240303,20240303,20240303,cancelled_user,0.9,1.6,4.32,2.0,2.85
343,127,10,2,9,2024-03-31,20240331,20240331,20240331,cancelled_driver,12.72,2.05,78.23,2.0,2.71
344,56,21,3,2,2024-01-25,20240125,20240125,20240125,completed,2.75,1.44,11.88,1.0,3.13
345,14,46,1,4,2024-02-28,20240228,20240228,20240228,completed,1.63,2.23,10.9,1.0,2.09
346,28,39,2,7,2024-02-01,20240201,20240201,20240201,completed,3.18,1.11,10.59,,0.0
347,78,27,2,1,2024-03-22,20240322,20240322,20240322,completed,12.5,2.19,82.12,,0.0
348,130,27,1,2,2024-01-18,20240118,20240118,20240118,completed,2.45,1.9,13.96,,0.0
349,109,2,2,9,2024-02-06,20240206,20240206,20240206,completed,4.14,1.86,23.1,,0.0
350,154,41,2,10,2024-01-26,20240126,20240126,20240126,completed,8.12,1.69,41.17,,0.0
351,14,48,3,7,2024-01-09,20240109,20240109,20240109,completed,2.79,1.42,11.89,,0.0
352,187,13,1,10,2024-03-04,20240304,20240304,20240304,completed,1.33,1.7,6.78,1.0,3.5
353,56,9,1,7,2024-03-12,20240312,20240312,20240312,completed,26.04,1.68,131.24,,0.0
354,115,36,1,6,2024-01-20,20240120,20240120,20240120,completed,15.68,1.88,88.44,,0.0
355,7,22,1,3,2024-02-23,20240223,20240223,20240223,completed,9.27,1.42,39.49,,0.0
356,3,42,1,10,2024-03-26,20240326,20240326,20240326,completed,5.83,1.12,19.59,1.0,1.45
357,111,26,2,3,2024-03-23,20240323,20240323,20240323,cancelled_user,1.75,1.22,6.4,,0.0
358,151,12,3,2,2024-01-30,20240130,20240130,20240130,cancelled_user,12.23,2.05,75.21,,0.0
359,107,17,1,6,2024-02-22,20240222,20240222,20240222,cancelled_user,1.61,1.03,4.97,,0.0
360,18,14,3,4,2024-03-03,20240303,20240303,20240303,cancelled_user,8.07,2.28,55.2,,0.0
361,38,14,3,5,2024-01-11,20240111,20240111,20240111,completed,12.52,2.04,76.62,,0.0
362,115,34,2,3,2024-01-31,20240131,20240131,20240131,completed,4.62,2.15,29.8,2.0,1.66
363,15,20,1,6,2024-02-18,20240218,20240218,20240218,completed,8.12,2.25,54.81,2.0,2.62
364,192,11,2,3,2024-03-27,20240327,20240327,20240327,cancelled_user,7.84,1.18,27.75,,0.0
365,119,16,1,8,2024-01-19,20240119,20240119,20240119,cancelled_driver,1.07,2.23,7.16,1.0,1.66
366,28,31,2,9,2024-01-12,20240112,20240112,20240112,completed,5.51,1.76,29.09,,0.0
367,39,6,3,4,2024-01-15,20240115,20240115,20240115,completed,0.49,2.33,3.43,,0.0
368,185,19,1,9,2024-01-31,20240131,20240131,20240131,completed,3.54,2.33,24.74,2.0,2.66
369,17,37,3,7,2024-02-12,20240212,20240212,20240212,completed,0.89,1.04,2.78,1.0,3.16
370,86,4,3,3,2024-02-06,20240206,20240206,20240206,completed,2.69,1.57,12.67,2.0,3.31
371,126,47,2,7,2024-03-19,20240319,20240319,20240319,completed,8.95,1.79,48.06,2.0,3.41
372,44,4,1,1,2024-01-29,20240129,20240129,20240129,completed,21.78,2.02,131.99,,0.0
373,25,20,3,3,2024-01-26,20240126,20240126,20240126,completed,1.91,1.43,8.19,,0.0
374,145,10,2,6,2024-01-02,20240102,20240102,20240102,completed,3.8,1.38,15.73,,0.0
375,13,24,1,4,2024-03-24,20240324,20240324,20240324,completed,3.58,1.57,16.86,1.0,1.15
376,25,35,1,7,2024-01-15,20240115,20240115,20240115,cancelled_user,15.44,1.75,81.06,,0.0
377,68,26,3,3,2024-01-04,20240104,20240104,20240104,completed,3.26,2.43,23.77,2.0,4.35
378,138,37,1,1,2024-03-26,20240326,20240326,20240326,cancelled_user,6.0,2.14,38.52,,0.0
379,67,38,3,9,2024-02-19,20240219,20240219,20240219,cancelled_user,12.74,1.64,62.68,,0.0
380,109,21,1,6,2024-02-07,20240207,20240207,20240207,completed,2.34,1.08,7.58,,0.0
381,146,40,2,8,2024-01-23,20240123,20240123,20240123,completed,11.62,1.25,43.58,,0.0
382,111,39,3,3,2024-02-28,20240228,20240228,20240228,completed,12.47,1.68,62.85,2.0,4.23
383,111,21,3,8,2024-03-30,20240330,20240330,20240330,completed,13.34,2.22,88.84,2.0,2.44
384,34,10,1,2,2024-03-15,20240315,20240315,20240315,cancelled_user,1.58,1.57,7.44,,0.0
385,111,38,1,4,2024-01-28,20240128,20240128,20240128,completed,2.56,1.81,13.9,2.0,2.17
386,8,46,3,3,2024-03-06,20240306,20240306,20240306,cancelled_user,10.22,2.34,71.74,1.0,3.39
387,168,4,1,10,2024-01-08,20240108,20240108,20240108,completed,2.22,2.37,15.78,1.0,3.87
388,113,45,2,1,2024-01-29,20240129,20240129,20240129,completed,4.58,1.32,18.14,2.0,2.79
389,83,20,1,7,2024-01-11,20240111,20240111,20240111,completed,0.63,1.07,2.02,,0.0
390,42,17,2,10,2024-01-18,20240118,20240118,20240118,completed,0.29,1.46,1.27,,0.0
391,169,7,2,2,2024-02-24,20240224,20240224,20240224,completed,2.66,2.04,16.28,2.0,1.58
392,101,4,2,4,2024-02-19,20240219,20240219,20240219,cancelled_user,4.32,2.43,31.49,1.0,3.49
393,6,29,2,9,2024-01-14,20240114,20240114,20240114,completed,2.49,1.12,8.37,,0.0
394,180,14,2,6,2024-03-14,20240314,20240314,20240314,completed,4.31,1.04,13.45,,0.0
395,26,3,1,8,2024-01-09,20240109,20240109,20240109,completed,3.62,2.33,25.3,,0.0
396,64,24,2,2,2024-01-11,20240111,20240111,20240111,completed,5.79,2.12,36.82,,0.0
397,187,37,1,7,2024-03-03,20240303,20240303,20240303,cancelled_driver,5.24,2.49,39.14,,0.0
398,184,16,2,6,2024-03-16,20240316,20240316,20240316,cancelled_driver,2.76,1.6,13.25,,0.0
399,59,4,3,9,2024-03-07,20240307,20240307,20240307,completed,2.77,1.62,13.46,,0.0
400,109,24,2,7,2024-02-22,20240222,20240222,20240222,cancelled_user,0.76,1.26,2.87,1.0,4.96
401,198,34,3,1,2024-02-08,20240208,20240208,20240208,completed,3.6,1.17,12.64,,0.0
402,121,30,2,8,2024-03-18,20240318,20240318,20240318,completed,4.42,1.87,24.8,1.0,2.11
403,33,18,2,10,2024-02-25,20240225,20240225,20240225,completed,3.24,1.55,15.07,,0.0
404,181,19,2,3,2024-01-28,20240128,20240128,20240128,cancelled_user,1.97,1.12,6.62,,0.0
405,150,31,3,2,2024-03-15,20240315,20240315,20240315,completed,6.39,2.33,44.67,,0.0
406,21,19,3,3,2024-02-08,20240208,20240208,20240208,completed,0.39,1.3,1.52,1.0,3.36
407,198,49,2,6,2024-01-25,20240125,20240125,20240125,completed,12.29,2.12,78.16,,0.0
408,70,46,1,3,2024-01-21,20240121,20240121,20240121,completed,0.1,1.42,0.43,2.0,4.94
409,112,19,2,10,2024-01-10,20240110,20240110,20240110,completed,16.4,2.22,109.22,2.0,2.86
410,4,22,3,5,2024-02-12,20240212,20240212,20240212,completed,3.1,1.18,10.97,2.0,3.39
411,94,24,2,6,2024-01-15,20240115,20240115,20240115,completed,2.66,2.13,17.0,1.0,1.64
412,75,45,3,8,2024-03-23,20240323,20240323,20240323,completed,1.48,1.15,5.11,,0.0
413,190,12,3,7,2024-02-17,20240217,20240217,20240217,completed,0.05,1.67,0.25,,0.0
414,62,30,3,8,2024-03-26,20240326,20240326,20240326,completed,1.61,2.1,10.14,,0.0
415,94,38,2,3,2024-01-21,20240121,20240121,20240121,completed,0.58,1.26,2.19,,0.0
416,95,31,3,4,2024-02-29,20240229,20240229,20240229,completed,5.39,1.43,23.12,2.0,2.08
417,152,36,3,6,2024-02-19,20240219,20240219,20240219,cancelled_user,1.92,2.3,13.25,,0.0
418,55,19,2,7,2024-01-23,20240123,20240123,20240123,completed,7.29,2.33,50.96,,0.0
419,137,48,3,9,2024-01-13,20240113,20240113,20240113,completed,1.16,1.07,3.72,,0.0
420,131,45,2,1,2024-03-09,20240309,20240309,20240309,completed,11.52,1.25,43.2,,0.0
421,31,36,3,8,2024-01-04,20240104,20240104,20240104,cancelled_user,3.7,1.18,13.1,,0.0
422,40,30,1,8,2024-03-18,20240318,20240318,20240318,cancelled_user,0.61,1.27,2.32,2.0,3.19
423,36,49,1,6,2024-03-12,20240312,20240312,20240312,completed,2.56,2.46,18.89,2.0,1.05
424,152,33,3,4,2024-01-09,20240109,20240109,20240109,completed,1.16,1.83,6.37,,0.0
425,6,18,1,3,2024-02-04,20240204,20240204,20240204,completed,1.11,1.7,5.66,1.0,3.79
426,66,49,2,3,2024-01-21,20240121,20240121,20240121,completed,3.53,2.48,26.26,,0.0
427,75,28,1,6,2024-02-27,20240227,20240227,20240227,completed,5.57,1.84,30.75,,0.0
428,4,47,3,8,2024-01-18,20240118,20240118,20240118,completed,12.13,1.99,72.42,,0.0
429,79,11,3,7,2024-03-12,20240312,20240312,20240312,completed,3.49,1.5,15.71,,0.0
430,134,45,2,1,2024-03-21,20240321,20240321,20240321,completed,16.88,1.57,79.5,2.0,1.43
431,118,33,3,6,2024-02-12,20240212,20240212,20240212,completed,14.21,1.89,80.57,,0.0
432,113,17,2,7,2024-01-06,20240106,20240106,20240106,completed,10.01,1.1,33.03,,0.0
433,94,6,1,7,2024-03-26,20240326,20240326,20240326,completed,3.47,1.38,14.37,,0.0
434,179,4,1,9,2024-03-18,20240318,20240318,20240318,completed,0.76,1.3,2.96,,0.0
435,62,20,2,10,2024-03-07,20240307,20240307,20240307,completed,1.23,1.02,3.76,1.0,1.93
436,185,48,2,5,2024-01-12,20240112,20240112,20240112,completed,5.22,1.81,28.34,,0.0
437,194,47,3,1,2024-01-12,20240112,20240112,20240112,completed,2.74,1.84,15.12,2.0,4.17
438,79,27,1,2,2024-03-06,20240306,20240306,20240306,completed,0.79,1.58,3.74,2.0,3.38
439,136,15,2,4,2024-01-02,20240102,20240102,20240102,completed,3.26,1.4,13.69,2.0,3.06
440,26,6,1,5,2024-01-15,20240115,20240115,20240115,completed,0.09,1.98,0.53,2.0,1.14
441,179,47,2,9,2024-01-23,20240123,20240123,20240123,completed,6.62,1.2,23.83,2.0,3.61
442,173,14,1,1,2024-01-29,20240129,20240129,20240129,completed,0.38,1.78,2.03,,0.0
443,44,11,3,3,2024-03-21,20240321,20240321,20240321,completed,4.96,2.15,31.99,,0.0
444,133,39,1,5,2024-01-07,20240107,20240107,20240107,completed,7.88,1.25,29.55,1.0,3.74
445,70,9,1,3,2024-01-28,20240128,20240128,20240128,completed,0.71,2.13,4.54,1.0,3.83
446,154,26,1,4,2024-01-14,20240114,20240114,20240114,completed,3.66,2.14,23.5,,0.0
447,118,16,1,3,2024-02-13,20240213,20240213,20240213,completed,7.55,1.09,24.69,2.0,4.52
448,68,5,1,4,2024-01-30,20240130,20240130,20240130,completed,1.51,1.03,4.67,1.0,3.15
449,19,10,3,1,2024-03-21,20240321,20240321,20240321,cancelled_user,0.89,2.46,6.57,,0.0
450,20,50,2,8,2024-02-01,20240201,20240201,20240201,completed,2.05,1.29,7.93,,0.0
451,113,3,1,4,2024-03-10,20240310,20240310,20240310,completed,4.05,2.23,27.09,2.0,4.02
452,140,13,3,7,2024-03-28,20240328,20240328,20240328,completed,4.28,1.84,23.63,,0.0
453,47,43,1,2,2024-01-06,20240106,20240106,20240106,completed,0.7,1.4,2.94,,0.0
454,1,49,1,2,2024-01-27,20240127,20240127,20240127,cancelled_user,3.06,1.19,10.92,1.0,2.62
455,90,30,2,6,2024-03-22,20240322,20240322,20240322,completed,1.56,1.75,8.19,,0.0
456,142,45,1,2,2024-03-28,20240328,20240328,20240328,cancelled_driver,9.23,1.61,44.58,,0.0
457,64,6,3,6,2024-01-24,20240124,20240124,20240124,completed,1.88,2.05,11.56,2.0,2.53
458,38,17,3,2,2024-02-03,20240203,20240203,20240203,completed,9.12,2.36,64.57,2.0,2.9
459,37,45,2,4,2024-02-09,20240209,20240209,20240209,cancelled_user,2.8,2.21,18.56,1.0,3.4
460,126,19,1,7,2024-02-16,20240216,20240216,20240216,completed,6.48,1.41,27.41,,0.0
461,139,42,3,8,2024-03-19,20240319,20240319,20240319,completed,3.57,2.32,24.85,1.0,1.16
462,100,35,1,3,2024-03-15,20240315,20240315,20240315,completed,4.86,2.25,32.81,,0.0
463,77,46,1,9,2024-03-26,20240326,20240326,20240326,completed,2.52,2.39,18.07,1.0,4.8
464,3,26,1,2,2024-01-24,20240124,20240124,20240124,completed,7.31,1.69,37.06,,0.0
465,161,5,2,8,2024-03-05,20240305,20240305,20240305,completed,2.77,2.15,17.87,,0.0
466,134,29,1,8,2024-01-18,20240118,20240118,20240118,completed,3.06,1.89,17.35,,0.0
467,178,37,3,4,2024-02-13,20240213,20240213,20240213,cancelled_user,3.65,1.47,16.1,,0.0
468,10,20,1,1,2024-03-16,20240316,20240316,20240316,cancelled_driver,8.91,2.49,66.56,,0.0
469,5,49,3,1,2024-02-26,20240226,20240226,20240226,completed,5.38,1.06,17.11,,0.0
470,151,21,1,2,2024-01-28,20240128,20240128,20240128,completed,2.15,1.24,8.0,2.0,1.58
471,138,10,3,9,2024-03-11,20240311,20240311,20240311,completed,5.55,2.34,38.96,,0.0
472,172,5,3,2,2024-01-23,20240123,20240123,20240123,completed,5.14,1.09,16.81,,0.0
473,130,36,1,2,2024-03-25,20240325,20240325,20240325,cancelled_user,13.37,2.33,93.46,1.0,1.89
474,13,6,1,6,2024-02-03,20240203,20240203,20240203,completed,9.21,2.07,57.19,2.0,1.35
475,168,26,3,7,2024-01-11,20240111,20240111,20240111,completed,5.21,1.06,16.57,,0.0
476,130,4,2,7,2024-03-26,20240326,20240326,20240326,cancelled_user,2.09,1.64,10.28,,0.0
477,84,39,1,9,2024-02-04,20240204,20240204,20240204,cancelled_user,7.56,2.13,48.31,,0.0
478,65,39,2,6,2024-02-11,20240211,20240211,20240211,completed,4.28,1.87,24.01,2.0,4.85
479,63,50,1,8,2024-01-28,20240128,20240128,20240128,completed,21.09,2.4,151.85,1.0,1.61
480,101,35,1,6,2024-03-22,20240322,20240322,20240322,completed,1.42,2.3,9.8,,0.0
481,73,1,1,2,2024-03-18,20240318,20240318,20240318,cancelled_driver,0.42,1.5,1.89,1.0,3.62
482,17,24,1,1,2024-03-22,20240322,20240322,20240322,completed,0.36,1.13,1.22,1.0,2.82
483,9,36,2,5,2024-01-24,20240124,20240124,20240124,completed,5.11,2.42,37.1,,0.0
484,143,6,1,9,2024-01-08,20240108,20240108,20240108,completed,14.01,1.78,74.81,,0.0
485,152,41,3,8,2024-02-22,20240222,20240222,20240222,completed,0.01,1.11,0.03,,0.0
486,38,46,3,4,2024-03-12,20240312,20240312,20240312,completed,6.47,2.22,43.09,,0.0
487,163,44,2,5,2024-01-04,20240104,20240104,20240104,cancelled_user,5.35,2.3,36.91,1.0,3.67
488,94,31,1,5,2024-03-31,20240331,20240331,20240331,cancelled_user,6.59,1.96,38.75,2.0,3.8
489,95,20,3,6,2024-01-05,20240105,20240105,20240105,cancelled_driver,2.2,1.67,11.02,2.0,4.59
490,49,24,2,3,2024-02-18,20240218,20240218,20240218,completed,8.59,1.99,51.28,,0.0
491,69,25,1,5,2024-01-30,20240130,20240130,20240130,completed,0.23,2.06,1.42,,0.0
492,62,36,3,2,2024-03-12,20240312,20240312,20240312,cancelled_user,7.04,2.34,49.42,1.0,3.98
493,188,21,3,10,2024-03-03,20240303,20240303,20240303,completed,1.55,2.43,11.3,,0.0
494,178,30,2,1,2024-02-16,20240216,20240216,20240216,completed,3.24,1.77,17.2,2.0,1.33
495,78,24,1,1,2024-01-26,20240126,20240126,20240126,completed,8.65,2.2,57.09,,0.0
496,117,44,1,10,2024-02-26,20240226,20240226,20240226,cancelled_user,1.58,2.45,11.61,,0.0
497,120,42,3,7,2024-02-06,20240206,20240206,20240206,completed,1.02,1.23,3.76,2.0,3.87
498,137,30,3,2,2024-01-07,20240107,20240107,20240107,cancelled_user,5.72,1.03,17.67,2.0,4.64
499,162,22,3,4,2024-02-09,20240209,20240209,20240209,completed,3.81,2.3,26.29,2.0,2.39
500,76,28,1,5,2024-02-08,20240208,20240208,20240208,completed,3.61,1.29,13.97,2.0,1.41
501,35,7,2,7,2024-03-02,20240302,20240302,20240302,completed,1.48,1.06,4.71,1.0,1.93
502,1,35,2,2,2024-03-18,20240318,20240318,20240318,completed,0.18,1.24,0.67,,0.0
503,40,28,1,6,2024-02-22,20240222,20240222,20240222,completed,2.64,1.58,12.51,2.0,4.77
504,64,14,2,1,2024-01-04,20240104,20240104,20240104,cancelled_user,0.56,1.33,2.23,,0.0
505,150,10,3,7,2024-03-22,20240322,20240322,20240322,completed,11.82,1.46,51.77,2.0,1.45
506,60,16,2,9,2024-01-25,20240125,20240125,20240125,completed,0.21,2.46,1.55,2.0,3.51
507,64,16,2,5,2024-01-07,20240107,20240107,20240107,completed,2.83,2.06,17.49,2.0,3.93
508,93,31,2,5,2024-01-28,20240128,20240128,20240128,completed,0.27,2.07,1.68,,0.0
509,72,42,3,4,2024-03-09,20240309,20240309,20240309,completed,0.5,1.14,1.71,,0.0
510,11,25,1,3,2024-03-07,20240307,20240307,20240307,completed,5.38,2.1,33.89,,0.0
511,105,13,3,9,2024-01-20,20240120,20240120,20240120,cancelled_user,5.21,2.11,32.98,,0.0
512,14,6,1,5,2024-03-23,20240323,20240323,20240323,completed,0.17,1.99,1.01,,0.0
513,60,44,1,8,2024-01-11,20240111,20240111,20240111,completed,0.01,1.34,0.04,,0.0
514,30,9,1,9,2024-03-07,20240307,20240307,20240307,completed,0.41,1.63,2.0,1.0,4.52
515,35,45,2,5,2024-03-27,20240327,20240327,20240327,completed,7.2,2.27,49.03,,0.0
516,165,36,2,10,2024-01-07,20240107,20240107,20240107,cancelled_driver,4.39,2.01,26.47,,0.0
517,5,43,1,9,2024-01-23,20240123,20240123,20240123,completed,0.19,2.1,1.2,,0.0
518,83,20,1,2,2024-03-01,20240301,20240301,20240301,cancelled_user,3.35,1.88,18.89,1.0,3.76
519,123,18,2,9,2024-03-11,20240311,20240311,20240311,completed,6.22,1.67,31.16,,0.0
520,78,43,3,4,2024-02-03,20240203,20240203,20240203,completed,10.16,2.14,65.23,1.0,3.46
521,154,21,1,6,2024-01-19,20240119,20240119,20240119,cancelled_user,13.59,1.1,44.85,2.0,4.48
522,62,4,3,6,2024-02-27,20240227,20240227,20240227,completed,1.98,2.01,11.94,,0.0
523,132,50,2,6,2024-01-09,20240109,20240109,20240109,completed,0.73,2.5,5.48,,0.0
524,89,33,1,2,2024-02-17,20240217,20240217,20240217,completed,1.35,2.17,8.79,,0.0
525,42,27,3,7,2024-03-22,20240322,20240322,20240322,cancelled_user,7.48,1.44,32.31,,0.0
526,89,7,3,6,2024-02-10,20240210,20240210,20240210,completed,17.79,1.42,75.79,1.0,4.28
527,146,6,3,1,2024-02-17,20240217,20240217,20240217,completed,3.14,2.0,18.84,1.0,1.71
528,40,15,2,2,2024-02-14,20240214,20240214,20240214,completed,1.82,2.34,12.78,,0.0
529,72,18,2,7,2024-01-25,20240125,20240125,20240125,completed,2.8,1.87,15.71,2.0,1.11
530,39,32,3,1,2024-03-18,20240318,20240318,20240318,cancelled_driver,1.82,1.79,9.77,,0.0
531,104,11,3,1,2024-01-25,20240125,20240125,20240125,completed,1.48,1.24,5.51,2.0,4.84
532,14,20,2,1,2024-01-19,20240119,20240119,20240119,completed,4.5,2.07,27.94,,0.0
533,32,24,3,8,2024-02-08,20240208,20240208,20240208,cancelled_user,0.08,2.05,0.49,,0.0
534,179,15,3,4,2024-03-19,20240319,20240319,20240319,completed,1.5,2.45,11.02,2.0,3.33
535,125,48,2,4,2024-03-20,20240320,20240320,20240320,completed,5.41,1.45,23.53,,0.0
536,166,7,3,2,2024-01-27,20240127,20240127,20240127,completed,0.16,2.13,1.02,,0.0
537,97,21,3,1,2024-03-14,20240314,20240314,20240314,completed,0.43,1.65,2.13,,0.0
538,23,42,3,10,2024-03-03,20240303,20240303,20240303,completed,1.74,1.84,9.6,,0.0
539,63,26,2,9,2024-03-08,20240308,20240308,20240308,completed,10.51,2.22,70.0,2.0,3.91
540,143,44,3,7,2024-01-19,20240119,20240119,20240119,completed,7.24,1.33,28.89,,0.0
541,153,14,2,4,2024-01-28,20240128,20240128,20240128,completed,0.11,1.51,0.5,1.0,2.53
542,145,37,2,6,2024-03-25,20240325,20240325,20240325,completed,3.48,2.16,22.55,1.0,4.65
543,194,21,1,2,2024-03-18,20240318,20240318,20240318,completed,1.61,1.86,8.98,,0.0
544,53,18,1,7,2024-02-02,20240202,20240202,20240202,completed,5.23,1.14,17.89,,0.0
545,104,5,3,2,2024-01-10,20240110,20240110,20240110,cancelled_driver,6.39,1.65,31.63,2.0,2.46
546,104,3,2,10,2024-03-23,20240323,20240323,20240323,completed,9.93,1.88,56.01,,0.0
547,179,23,1,8,2024-01-30,20240130,20240130,20240130,completed,3.23,2.36,22.87,,0.0
548,39,26,3,8,2024-01-22,20240122,20240122,20240122,completed,25.97,1.28,99.72,2.0,1.53
549,179,37,1,1,2024-01-03,20240103,20240103,20240103,cancelled_user,19.56,2.21,129.68,1.0,4.26
550,198,24,1,8,2024-03-22,20240322,20240322,20240322,cancelled_user,10.69,1.2,38.48,,0.0
551,134,49,2,2,2024-03-15,20240315,20240315,20240315,completed,4.28,1.36,17.46,1.0,3.35
552,67,19,2,6,2024-02-17,20240217,20240217,20240217,completed,2.54,1.37,10.44,1.0,4.04
553,135,25,1,1,2024-01-02,20240102,20240102,20240102,completed,2.27,2.32,15.8,,0.0
554,179,21,1,5,2024-03-16,20240316,20240316,20240316,completed,0.06,1.3,0.23,1.0,1.68
555,200,12,2,7,2024-02-23,20240223,20240223,20240223,completed,1.43,2.18,9.35,,0.0
556,42,41,3,10,2024-01-06,20240106,20240106,20240106,cancelled_user,6.34,1.69,32.14,,0.0
557,192,33,2,1,2024-02-09,20240209,20240209,20240209,completed,4.63,2.5,34.72,,0.0
558,15,50,1,2,2024-01-02,20240102,20240102,20240102,completed,12.41,2.26,84.14,,0.0
559,111,4,3,7,2024-03-13,20240313,20240313,20240313,completed,0.26,2.11,1.65,,0.0
560,157,42,1,6,2024-01-02,20240102,20240102,20240102,completed,0.84,2.31,5.82,1.0,3.53
561,33,7,3,3,2024-03-14,20240314,20240314,20240314,cancelled_user,7.79,1.95,45.57,1.0,2.39
562,155,22,1,10,2024-02-24,20240224,20240224,20240224,cancelled_user,2.22,2.27,15.12,,0.0
563,164,33,3,2,2024-03-12,20240312,20240312,20240312,completed,0.63,1.39,2.63,2.0,4.01
564,157,17,3,10,2024-02-29,20240229,20240229,20240229,completed,28.2,1.15,97.29,1.0,1.27
565,38,24,1,4,2024-01-06,20240106,20240106,20240106,completed,7.74,1.92,44.58,,0.0
566,185,34,3,3,2024-01-19,20240119,20240119,20240119,completed,2.63,1.65,13.02,,0.0
567,97,28,2,7,2024-01-27,20240127,20240127,20240127,completed,8.67,1.64,42.66,2.0,3.42
568,155,43,1,8,2024-01-01,20240101,20240101,20240101,completed,5.71,1.79,30.66,1.0,2.36
569,183,41,2,2,2024-02-02,20240202,20240202,20240202,cancelled_user,7.8,1.54,36.04,,0.0
570,33,39,1,10,2024-02-09,20240209,20240209,20240209,completed,8.44,1.94,49.12,,0.0
571,196,22,3,7,2024-02-01,20240201,20240201,20240201,cancelled_user,0.44,1.05,1.39,1.0,1.13
572,86,49,3,8,2024-03-09,20240309,20240309,20240309,completed,4.88,2.45,35.87,1.0,2.11
573,66,17,3,6,2024-01-17,20240117,20240117,20240117,cancelled_user,0.03,2.39,0.22,,0.0
574,10,34,1,6,2024-01-08,20240108,20240108,20240108,completed,0.22,2.4,1.58,,0.0
575,5,6,2,10,2024-02-26,20240226,20240226,20240226,completed,11.72,1.55,54.5,,0.0
576,123,46,2,1,2024-02-11,20240211,20240211,20240211,completed,3.75,1.8,20.25,2.0,2.64
577,74,6,1,4,2024-01-09,20240109,20240109,20240109,cancelled_user,6.66,2.43,48.55,,0.0
578,97,34,1,1,2024-03-27,20240327,20240327,20240327,completed,9.12,2.35,64.3,,0.0
579,118,1,2,4,2024-02-04,20240204,20240204,20240204,completed,14.94,2.19,98.16,1.0,1.56
580,38,10,2,2,2024-03-11,20240311,20240311,20240311,completed,10.18,1.61,49.17,2.0,1.46
581,141,21,2,5,2024-03-19,20240319,20240319,20240319,completed,3.3,1.85,18.31,2.0,2.2
582,159,5,2,10,2024-02-22,20240222,20240222,20240222,completed,2.05,2.19,13.47,,0.0
583,47,2,1,9,2024-02-23,20240223,20240223,20240223,cancelled_user,0.84,1.41,3.55,,0.0
584,109,22,1,10,2024-03-24,20240324,20240324,20240324,completed,2.56,1.94,14.9,,0.0
585,180,48,3,3,2024-01-25,20240125,20240125,20240125,completed,2.28,2.24,15.32,,0.0
586,184,2,2,8,2024-03-07,20240307,20240307,20240307,completed,4.1,2.06,25.34,,0.0
587,15,10,3,3,2024-03-02,20240302,20240302,20240302,completed,5.48,1.72,28.28,,0.0
588,157,34,1,6,2024-02-24,20240224,20240224,20240224,completed,19.16,1.88,108.06,2.0,1.37
589,136,16,1,4,2024-02-15,20240215,20240215,20240215,completed,6.52,2.48,48.51,2.0,1.73
590,5,48,3,8,2024-01-24,20240124,20240124,20240124,completed,5.16,1.9,29.41,,0.0
591,157,39,2,6,2024-02-15,20240215,20240215,20240215,completed,2.04,2.18,13.34,1.0,3.02
592,47,22,2,8,2024-01-22,20240122,20240122,20240122,cancelled_driver,0.18,2.09,1.13,,0.0
593,68,12,2,1,2024-01-11,20240111,20240111,20240111,completed,1.7,2.05,10.45,1.0,1.19
594,76,24,2,6,2024-02-17,20240217,20240217,20240217,completed,7.31,2.07,45.4,2.0,4.63
595,173,47,3,1,2024-01-08,20240108,20240108,20240108,completed,1.15,1.68,5.8,,0.0
596,130,40,3,1,2024-02-08,20240208,20240208,20240208,completed,6.23,1.71,31.96,,0.0
597,155,38,1,8,2024-02-04,20240204,20240204,20240204,completed,4.33,1.7,22.08,,0.0
598,95,10,2,7,2024-02-18,20240218,20240218,20240218,completed,0.94,1.05,2.96,,0.0
599,115,35,2,3,2024-02-15,20240215,20240215,20240215,cancelled_user,1.52,1.36,6.2,2.0,2.3
600,164,49,2,6,2024-02-07,20240207,20240207,20240207,completed,3.43,1.23,12.66,2.0,2.68
601,36,32,3,9,2024-01-08,20240108,20240108,20240108,completed,2.71,2.33,18.94,,0.0
602,26,7,2,7,2024-02-23,20240223,20240223,20240223,completed,7.54,1.41,31.89,2.0,2.41
603,43,21,3,3,2024-02-06,20240206,20240206,20240206,completed,6.63,1.21,24.07,2.0,3.51
604,27,20,2,6,2024-03-31,20240331,20240331,20240331,completed,4.27,1.18,15.12,,0.0
605,69,26,2,4,2024-02-09,20240209,20240209,20240209,completed,8.64,2.05,53.14,1.0,4.19
606,148,4,1,3,2024-02-03,20240203,20240203,20240203,completed,4.14,1.01,12.54,,0.0
607,11,46,2,9,2024-03-19,20240319,20240319,20240319,completed,16.68,1.71,85.57,,0.0
608,74,22,2,10,2024-01-17,20240117,20240117,20240117,completed,1.22,1.18,4.32,,0.0
609,104,15,1,2,2024-02-02,20240202,20240202,20240202,completed,6.26,2.27,42.63,,0.0
610,38,40,3,1,2024-02-16,20240216,20240216,20240216,completed,2.31,2.44,16.91,1.0,2.97
611,134,21,3,2,2024-02-21,20240221,20240221,20240221,completed,1.64,2.44,12.0,,0.0
612,200,15,2,7,2024-03-20,20240320,20240320,20240320,cancelled_user,0.99,1.66,4.93,1.0,1.53
613,23,22,3,10,2024-01-09,20240109,20240109,20240109,completed,4.02,1.97,23.76,1.0,1.65
614,47,28,2,1,2024-02-02,20240202,20240202,20240202,completed,1.21,1.9,6.9,,0.0
615,90,14,1,6,2024-02-29,20240229,20240229,20240229,cancelled_user,1.12,1.53,5.14,2.0,3.25
616,46,27,1,7,2024-03-17,20240317,20240317,20240317,completed,23.3,1.67,116.73,,0.0
617,107,41,2,9,2024-01-21,20240121,20240121,20240121,completed,8.09,1.1,26.7,,0.0
618,140,40,1,8,2024-02-27,20240227,20240227,20240227,completed,6.9,2.19,45.33,,0.0
619,141,28,1,6,2024-03-25,20240325,20240325,20240325,completed,7.9,1.36,32.23,,0.0
620,104,26,2,3,2024-03-09,20240309,20240309,20240309,cancelled_user,17.36,1.69,88.02,1.0,2.71
621,190,49,2,8,2024-01-10,20240110,20240110,20240110,cancelled_driver,4.26,1.72,21.98,2.0,1.5
622,111,2,1,7,2024-01-06,20240106,20240106,20240106,completed,1.24,1.84,6.84,2.0,3.12
623,104,25,3,3,2024-01-13,20240113,20240113,20240113,completed,9.91,2.23,66.3,2.0,2.53
624,60,3,3,9,2024-03-05,20240305,20240305,20240305,completed,6.79,2.04,41.55,1.0,1.55
625,171,8,2,2,2024-01-20,20240120,20240120,20240120,completed,2.67,1.99,15.94,1.0,4.93
626,100,44,2,3,2024-02-26,20240226,20240226,20240226,completed,3.21,1.79,17.24,,0.0
627,68,33,3,2,2024-02-15,20240215,20240215,20240215,completed,2.65,1.14,9.06,,0.0
628,133,42,1,1,2024-01-08,20240108,20240108,20240108,completed,13.29,1.6,63.79,,0.0
629,120,35,3,4,2024-01-10,20240110,20240110,20240110,completed,2.1,2.44,15.37,,0.0
630,37,6,3,5,2024-03-13,20240313,20240313,20240313,completed,16.55,2.49,123.63,,0.0
631,72,39,3,6,2024-03-07,20240307,20240307,20240307,completed,12.05,2.1,75.92,,0.0
632,127,23,3,5,2024-01-11,20240111,20240111,20240111,cancelled_user,4.98,1.34,20.02,,0.0
633,106,25,2,1,2024-01-12,20240112,20240112,20240112,completed,4.34,1.15,14.97,1.0,1.97
634,92,50,2,3,2024-01-10,20240110,20240110,20240110,cancelled_user,2.31,1.62,11.23,,0.0
635,31,43,1,1,2024-01-25,20240125,20240125,20240125,completed,0.09,2.28,0.62,,0.0
636,122,19,1,5,2024-02-18,20240218,20240218,20240218,completed,0.68,2.08,4.24,1.0,1.12
637,137,5,1,5,2024-02-18,20240218,20240218,20240218,completed,7.02,2.33,49.07,1.0,2.36
638,51,11,1,6,2024-03-29,20240329,20240329,20240329,completed,3.19,1.92,18.37,1.0,3.34
639,29,12,3,8,2024-01-11,20240111,20240111,20240111,completed,0.81,1.2,2.92,,0.0
640,40,10,2,10,2024-03-02,20240302,20240302,20240302,completed,1.53,1.17,5.37,,0.0
641,41,8,2,1,2024-02-05,20240205,20240205,20240205,completed,14.77,1.07,47.41,2.0,2.78
642,11,24,1,4,2024-02-08,20240208,20240208,20240208,completed,2.29,1.85,12.71,2.0,1.42
643,151,28,1,10,2024-02-22,20240222,20240222,20240222,completed,11.91,1.36,48.59,,0.0
644,1,41,3,1,2024-03-30,20240330,20240330,20240330,completed,1.82,2.1,11.47,2.0,3.48
645,46,36,3,9,2024-03-18,20240318,20240318,20240318,completed,3.92,2.03,23.87,1.0,1.15
646,101,37,1,7,2024-02-25,20240225,20240225,20240225,cancelled_driver,0.1,1.48,0.44,2.0,2.16
647,149,21,2,7,2024-01-01,20240101,20240101,20240101,completed,3.69,1.27,14.06,,0.0
648,90,8,2,5,2024-02-25,20240225,20240225,20240225,completed,5.07,1.15,17.49,,0.0
649,110,9,2,7,2024-01-04,20240104,20240104,20240104,completed,1.33,2.11,8.42,,0.0
650,164,47,1,2,2024-01-30,20240130,20240130,20240130,completed,4.32,1.68,21.77,,0.0
651,182,15,2,4,2024-01-12,20240112,20240112,20240112,completed,5.21,1.49,23.29,,0.0
652,57,48,3,7,2024-02-04,20240204,20240204,20240204,completed,5.81,2.28,39.74,1.0,1.17
653,1,46,3,3,2024-03-17,20240317,20240317,20240317,completed,7.49,1.89,42.47,,0.0
654,63,40,1,2,2024-02-21,20240221,20240221,20240221,completed,1.87,1.78,9.99,1.0,1.19
655,182,18,3,10,2024-01-31,20240131,20240131,20240131,completed,4.19,2.12,26.65,,0.0
656,55,42,1,2,2024-03-27,20240327,20240327,20240327,completed,19.97,2.22,133.0,2.0,2.97
657,115,20,2,1,2024-03-08,20240308,20240308,20240308,cancelled_driver,11.42,2.03,69.55,,0.0
658,168,6,2,5,2024-02-21,20240221,20240221,20240221,completed,15.25,1.66,75.94,2.0,1.54
659,143,12,2,6,2024-03-20,20240320,20240320,20240320,completed,2.44,1.57,11.49,,0.0
660,149,2,3,6,2024-01-07,20240107,20240107,20240107,completed,7.73,2.16,50.09,2.0,4.89
661,175,7,1,9,2024-01-22,20240122,20240122,20240122,completed,4.84,1.78,25.85,,0.0
662,53,16,2,4,2024-03-15,20240315,20240315,20240315,cancelled_driver,0.43,2.06,2.66,2.0,3.26
663,137,3,1,1,2024-02-25,20240225,20240225,20240225,cancelled_user,8.69,2.34,61.0,,0.0
664,180,45,2,6,2024-02-27,20240227,20240227,20240227,completed,5.65,2.37,40.17,,0.0
665,57,3,3,5,2024-03-04,20240304,20240304,20240304,completed,1.11,1.42,4.73,2.0,3.75
666,117,27,3,10,2024-01-12,20240112,20240112,20240112,completed,0.42,1.28,1.61,,0.0
667,154,50,1,6,2024-01-07,20240107,20240107,20240107,completed,9.07,1.39,37.82,2.0,1.45
668,169,43,3,3,2024-02-24,20240224,20240224,20240224,completed,0.41,2.13,2.62,,0.0
669,35,40,3,2,2024-03-02,20240302,20240302,20240302,cancelled_user,0.48,1.56,2.25,,0.0
670,63,38,1,6,2024-03-30,20240330,20240330,20240330,cancelled_driver,2.79,1.26,10.55,1.0,1.55
671,25,33,2,1,2024-03-13,20240313,20240313,20240313,cancelled_driver,0.72,1.15,2.48,,0.0
672,90,28,3,7,2024-03-17,20240317,20240317,20240317,completed,12.25,1.49,54.76,2.0,4.74
673,75,1,1,7,2024-02-24,20240224,20240224,20240224,completed,3.18,1.2,11.45,1.0,4.68
674,38,8,3,10,2024-02-05,20240205,20240205,20240205,completed,4.21,1.23,15.53,,0.0
675,130,37,3,7,2024-03-29,20240329,20240329,20240329,completed,13.16,2.03,80.14,,0.0
676,135,32,3,10,2024-01-24,20240124,20240124,20240124,completed,3.78,1.03,11.68,1.0,1.56
677,162,48,3,1,2024-02-13,20240213,20240213,20240213,completed,2.18,1.18,7.72,1.0,2.12
678,91,43,1,4,2024-01-17,20240117,20240117,20240117,completed,7.98,2.27,54.34,,0.0
679,17,37,1,7,2024-01-02,20240102,20240102,20240102,cancelled_user,2.92,2.27,19.89,1.0,4.78
680,128,4,1,9,2024-01-13,20240113,20240113,20240113,cancelled_user,1.92,1.49,8.58,,0.0
681,171,30,3,5,2024-01-31,20240131,20240131,20240131,cancelled_user,6.42,1.13,21.76,,0.0
682,187,6,3,2,2024-01-28,20240128,20240128,20240128,cancelled_driver,8.09,2.06,50.0,2.0,1.32
683,108,46,3,7,2024-02-29,20240229,20240229,20240229,completed,7.84,1.54,36.22,2.0,4.92
684,179,19,1,10,2024-01-27,20240127,20240127,20240127,completed,19.01,1.07,61.02,,0.0
685,182,32,3,1,2024-01-15,20240115,20240115,20240115,completed,7.72,1.24,28.72,2.0,3.87
686,152,9,2,7,2024-03-19,20240319,20240319,20240319,completed,7.35,1.21,26.68,,0.0
687,25,12,3,6,2024-02-02,20240202,20240202,20240202,cancelled_driver,9.74,1.88,54.93,,0.0
688,199,11,2,7,2024-01-20,20240120,20240120,20240120,cancelled_user,0.0,2.35,0.0,,0.0
689,180,46,3,10,2024-02-11,20240211,20240211,20240211,completed,2.25,2.19,14.78,,0.0
690,198,16,1,3,2024-01-12,20240112,20240112,20240112,completed,6.69,1.82,36.53,2.0,4.07
691,88,1,3,3,2024-03-13,20240313,20240313,20240313,completed,4.58,1.63,22.4,,0.0
692,161,45,2,7,2024-01-23,20240123,20240123,20240123,completed,0.98,1.93,5.67,,0.0
693,177,21,2,2,2024-03-12,20240312,20240312,20240312,cancelled_user,1.81,1.67,9.07,,0.0
694,29,30,3,1,2024-01-14,20240114,20240114,20240114,completed,2.05,1.37,8.43,1.0,1.95
695,63,13,2,9,2024-03-31,20240331,20240331,20240331,completed,4.19,2.02,25.39,,0.0
696,150,34,2,9,2024-01-25,20240125,20240125,20240125,completed,8.91,2.31,61.75,2.0,2.55
697,154,4,1,7,2024-03-17,20240317,20240317,20240317,completed,13.48,1.56,63.09,,0.0
698,156,28,3,7,2024-03-25,20240325,20240325,20240325,completed,6.93,2.26,46.99,,0.0
699,114,38,3,3,2024-01-31,20240131,20240131,20240131,cancelled_user,9.26,1.65,45.84,,0.0
700,49,31,3,10,2024-02-23,20240223,20240223,20240223,completed,3.18,1.6,15.26,2.0,2.17
701,199,27,2,2,2024-01-05,20240105,20240105,20240105,completed,2.47,1.04,7.71,,0.0
702,81,5,3,7,2024-01-13,20240113,20240113,20240113,completed,2.49,2.04,15.24,1.0,1.26
703,84,25,3,9,2024-01-28,20240128,20240128,20240128,completed,4.79,2.21,31.76,,0.0
704,105,3,1,1,2024-02-12,20240212,20240212,20240212,cancelled_user,0.66,2.0,3.96,1.0,4.4
705,177,33,1,4,2024-03-29,20240329,20240329,20240329,completed,4.33,1.23,15.98,2.0,2.41
706,148,4,1,6,2024-02-16,20240216,20240216,20240216,completed,5.47,1.15,18.87,1.0,1.96
707,118,25,2,7,2024-03-11,20240311,20240311,20240311,completed,2.89,1.86,16.13,,0.0
708,86,20,3,10,2024-02-07,20240207,20240207,20240207,completed,15.31,1.6,73.49,,0.0
709,63,34,1,7,2024-03-07,20240307,20240307,20240307,completed,4.69,1.64,23.07,,0.0
710,189,26,1,10,2024-03-02,20240302,20240302,20240302,completed,1.24,2.45,9.11,,0.0
711,104,5,1,2,2024-02-08,20240208,20240208,20240208,cancelled_user,3.26,2.09,20.44,,0.0
712,49,35,3,4,2024-02-06,20240206,20240206,20240206,completed,5.63,1.62,27.36,1.0,3.86
713,71,28,3,5,2024-03-26,20240326,20240326,20240326,completed,1.96,1.03,6.06,,0.0
714,1,29,3,1,2024-01-08,20240108,20240108,20240108,completed,0.41,1.05,1.29,,0.0
715,141,9,2,1,2024-03-21,20240321,20240321,20240321,completed,4.38,2.03,26.67,1.0,1.29
716,179,38,2,10,2024-02-21,20240221,20240221,20240221,cancelled_user,14.77,2.26,100.14,2.0,3.05
717,123,50,1,3,2024-03-31,20240331,20240331,20240331,completed,3.32,2.06,20.52,2.0,4.29
718,184,6,3,10,2024-02-02,20240202,20240202,20240202,completed,11.83,1.61,57.14,1.0,4.79
719,62,19,1,3,2024-03-21,20240321,20240321,20240321,cancelled_driver,9.01,1.05,28.38,2.0,1.43
720,32,44,3,8,2024-02-11,20240211,20240211,20240211,completed,0.8,2.45,5.88,1.0,3.52
721,158,11,3,9,2024-03-16,20240316,20240316,20240316,completed,6.16,2.48,45.83,,0.0
722,29,2,3,1,2024-01-27,20240127,20240127,20240127,completed,2.86,1.82,15.62,2.0,4.56
723,49,47,2,2,2024-01-08,20240108,20240108,20240108,completed,1.44,1.11,4.8,2.0,4.0
724,173,44,2,10,2024-01-23,20240123,20240123,20240123,completed,5.81,1.81,31.55,,0.0
725,30,44,3,2,2024-03-04,20240304,20240304,20240304,completed,6.79,2.34,47.67,,0.0
726,144,9,1,4,2024-01-20,20240120,20240120,20240120,completed,0.99,2.02,6.0,2.0,1.9
727,168,21,3,2,2024-01-16,20240116,20240116,20240116,cancelled_driver,12.29,2.08,76.69,,0.0
728,19,24,3,7,2024-01-17,20240117,20240117,20240117,completed,6.95,1.13,23.56,2.0,3.12
729,18,34,1,9,2024-03-20,20240320,20240320,20240320,completed,13.54,1.16,47.12,1.0,1.86
730,1,22,3,7,2024-01-19,20240119,20240119,20240119,completed,1.91,1.19,6.82,1.0,1.78
731,78,3,1,6,2024-01-08,20240108,20240108,20240108,cancelled_user,14.01,2.36,99.19,,0.0
732,115,12,2,10,2024-02-07,20240207,20240207,20240207,completed,2.3,1.79,12.35,,0.0
733,175,28,2,1,2024-02-07,20240207,20240207,20240207,completed,0.28,2.19,1.84,,0.0
734,194,30,1,10,2024-02-22,20240222,20240222,20240222,completed,7.2,1.17,25.27,,0.0
735,113,26,2,9,2024-03-30,20240330,20240330,20240330,completed,6.08,2.39,43.59,,0.0
736,114,48,2,5,2024-01-31,20240131,20240131,20240131,cancelled_user,4.56,2.23,30.51,,0.0
737,166,21,1,5,2024-02-13,20240213,20240213,20240213,completed,3.37,1.34,13.55,,0.0
738,179,28,2,6,2024-02-29,20240229,20240229,20240229,completed,0.16,2.31,1.11,2.0,2.83
739,63,26,3,9,2024-03-16,20240316,20240316,20240316,completed,4.9,1.4,20.58,1.0,2.65
740,132,33,3,8,2024-01-17,20240117,20240117,20240117,completed,2.7,1.31,10.61,,0.0
741,129,21,1,8,2024-03-19,20240319,20240319,20240319,cancelled_user,4.11,1.4,17.26,,0.0
742,8,35,2,8,2024-03-13,20240313,20240313,20240313,completed,2.8,2.36,19.82,,0.0
743,157,34,3,1,2024-02-08,20240208,20240208,20240208,completed,16.92,2.37,120.3,,0.0
744,55,41,3,1,2024-02-11,20240211,20240211,20240211,completed,4.63,1.49,20.7,,0.0
745,103,47,2,8,2024-02-17,20240217,20240217,20240217,completed,6.92,2.06,42.77,,0.0
746,131,18,2,5,2024-01-12,20240112,20240112,20240112,completed,13.77,2.01,83.03,1.0,2.61
747,32,11,3,9,2024-03-29,20240329,20240329,20240329,completed,4.48,2.21,29.7,,0.0
748,10,23,3,2,2024-01-18,20240118,20240118,20240118,completed,0.06,1.44,0.26,,0.0
749,110,48,1,9,2024-03-19,20240319,20240319,20240319,completed,0.17,1.77,0.9,,0.0
750,162,22,1,8,2024-01-06,20240106,20240106,20240106,completed,6.06,2.0,36.36,,0.0
751,124,17,3,9,2024-02-12,20240212,20240212,20240212,completed,1.64,1.04,5.12,1.0,3.61
752,87,5,1,4,2024-02-04,20240204,20240204,20240204,completed,4.33,1.57,20.39,,0.0
753,55,44,3,1,2024-02-23,20240223,20240223,20240223,cancelled_user,1.13,2.04,6.92,,0.0
754,32,11,3,1,2024-03-02,20240302,20240302,20240302,completed,1.58,1.38,6.54,,0.0
755,178,30,1,5,2024-03-09,20240309,20240309,20240309,completed,3.51,2.44,25.69,,0.0
756,135,15,1,2,2024-03-22,20240322,20240322,20240322,completed,18.56,1.05,58.46,1.0,1.27
757,93,27,2,8,2024-01-16,20240116,20240116,20240116,completed,4.79,2.44,35.06,1.0,2.72
758,8,35,2,10,2024-01-08,20240108,20240108,20240108,cancelled_user,13.76,1.33,54.9,2.0,4.49
759,65,33,2,5,2024-03-29,20240329,20240329,20240329,cancelled_user,16.02,1.07,51.42,,0.0
760,57,20,3,5,2024-03-30,20240330,20240330,20240330,completed,1.17,1.44,5.05,,0.0
761,67,16,1,2,2024-03-26,20240326,20240326,20240326,completed,1.86,2.18,12.16,,0.0
762,187,34,3,7,2024-01-31,20240131,20240131,20240131,cancelled_user,7.35,2.13,46.97,1.0,2.55
763,72,2,1,8,2024-01-10,20240110,20240110,20240110,completed,10.08,1.31,39.61,1.0,2.24
764,54,35,3,10,2024-02-25,20240225,20240225,20240225,completed,3.66,1.3,14.27,,0.0
765,67,40,2,1,2024-03-16,20240316,20240316,20240316,completed,24.97,1.96,146.82,,0.0
766,51,28,2,2,2024-03-10,20240310,20240310,20240310,cancelled_user,0.06,1.69,0.3,,0.0
767,97,47,2,10,2024-01-20,20240120,20240120,20240120,cancelled_user,1.78,2.19,11.69,,0.0
768,92,39,3,4,2024-01-05,20240105,20240105,20240105,completed,4.88,1.04,15.23,,0.0
769,8,6,1,5,2024-01-23,20240123,20240123,20240123,completed,3.17,1.92,18.26,1.0,1.15
770,162,9,1,2,2024-01-09,20240109,20240109,20240109,cancelled_user,0.62,2.1,3.91,,0.0
771,35,20,2,1,2024-02-27,20240227,20240227,20240227,completed,2.29,2.49,17.11,1.0,3.78
772,96,1,2,9,2024-02-28,20240228,20240228,20240228,completed,0.13,2.02,0.79,,0.0
773,88,8,2,1,2024-03-20,20240320,20240320,20240320,completed,5.15,1.35,20.86,,0.0
774,78,23,2,4,2024-02-23,20240223,20240223,20240223,completed,11.16,1.16,38.84,,0.0
775,32,3,1,2,2024-02-15,20240215,20240215,20240215,completed,10.81,1.96,63.56,2.0,4.19
776,120,4,3,4,2024-01-22,20240122,20240122,20240122,completed,6.01,1.78,32.09,2.0,2.37
777,46,25,3,8,2024-03-04,20240304,20240304,20240304,cancelled_user,3.13,2.35,22.07,,0.0
778,144,47,3,8,2024-01-08,20240108,20240108,20240108,completed,3.59,2.09,22.51,1.0,1.2
779,196,38,3,9,2024-01-20,20240120,20240120,20240120,completed,0.74,1.76,3.91,1.0,3.9
780,165,15,2,5,2024-02-20,20240220,20240220,20240220,completed,2.09,1.61,10.09,,0.0
781,182,21,2,7,2024-03-18,20240318,20240318,20240318,completed,1.04,1.61,5.02,,0.0
782,142,35,2,3,2024-02-08,20240208,20240208,20240208,completed,8.61,1.34,34.61,,0.0
783,55,46,3,10,2024-02-06,20240206,20240206,20240206,completed,12.31,1.03,38.04,1.0,2.44
784,176,14,2,4,2024-02-19,20240219,20240219,20240219,cancelled_user,3.85,1.86,21.48,,0.0
785,7,36,2,10,2024-02-03,20240203,20240203,20240203,completed,6.51,1.32,25.78,1.0,2.5
786,74,12,1,9,2024-03-15,20240315,20240315,20240315,completed,0.65,1.31,2.55,,0.0
787,7,17,1,10,2024-02-02,20240202,20240202,20240202,completed,4.69,1.19,16.74,,0.0
788,161,39,2,10,2024-01-31,20240131,20240131,20240131,cancelled_user,6.07,1.28,23.31,,0.0
789,151,9,1,1,2024-02-23,20240223,20240223,20240223,completed,3.01,1.05,9.48,,0.0
790,85,35,1,2,2024-02-13,20240213,20240213,20240213,completed,1.39,2.01,8.38,2.0,3.51
791,147,13,2,5,2024-02-03,20240203,20240203,20240203,completed,10.49,1.6,50.35,1.0,4.74
792,112,15,2,3,2024-03-11,20240311,20240311,20240311,cancelled_user,6.79,1.84,37.48,,0.0
793,125,18,2,2,2024-03-02,20240302,20240302,20240302,completed,11.51,1.96,67.68,2.0,3.44
794,147,33,2,1,2024-01-23,20240123,20240123,20240123,completed,8.53,2.46,62.95,,0.0
795,36,6,3,10,2024-02-15,20240215,20240215,20240215,completed,23.22,1.1,76.63,2.0,1.87
796,29,27,3,3,2024-02-25,20240225,20240225,20240225,completed,1.07,1.63,5.23,,0.0
797,188,23,2,1,2024-01-07,20240107,20240107,20240107,completed,0.45,1.37,1.85,,0.0
798,82,27,1,1,2024-03-29,20240329,20240329,20240329,completed,2.05,1.72,10.58,1.0,4.53
799,2,34,2,1,2024-03-01,20240301,20240301,20240301,completed,0.69,2.38,4.93,,0.0
800,129,46,2,8,2024-01-03,20240103,20240103,20240103,completed,3.7,2.09,23.2,2.0,3.21
801,47,38,1,3,2024-02-07,20240207,20240207,20240207,completed,5.01,1.99,29.91,2.0,3.57
802,197,14,3,1,2024-03-24,20240324,20240324,20240324,completed,4.32,1.66,21.51,2.0,2.66
803,148,36,2,7,2024-02-03,20240203,20240203,20240203,cancelled_user,1.5,2.01,9.04,,0.0
804,11,8,2,10,2024-02-13,20240213,20240213,20240213,cancelled_driver,11.97,1.05,37.71,,0.0
805,130,35,3,3,2024-01-30,20240130,20240130,20240130,completed,0.11,1.88,0.62,,0.0
806,195,19,3,8,2024-01-17,20240117,20240117,20240117,completed,2.14,1.83,11.75,1.0,1.58
807,119,30,1,4,2024-02-28,20240228,20240228,20240228,completed,6.35,1.52,28.96,,0.0
808,140,14,3,4,2024-01-10,20240110,20240110,20240110,cancelled_user,7.28,1.3,28.39,,0.0
809,20,20,3,5,2024-03-24,20240324,20240324,20240324,completed,2.69,2.21,17.83,2.0,2.16
810,5,49,3,6,2024-01-18,20240118,20240118,20240118,completed,0.09,1.08,0.29,,0.0
811,37,25,1,7,2024-02-14,20240214,20240214,20240214,completed,4.81,1.1,15.87,,0.0
812,166,40,3,4,2024-03-31,20240331,20240331,20240331,cancelled_user,0.33,1.66,1.64,1.0,3.84
813,137,24,3,8,2024-02-28,20240228,20240228,20240228,completed,0.57,1.38,2.36,1.0,3.45
814,53,14,1,6,2024-03-02,20240302,20240302,20240302,completed,5.25,2.12,33.39,1.0,4.8
815,172,26,3,1,2024-02-28,20240228,20240228,20240228,completed,1.87,1.95,10.94,,0.0
816,99,38,3,1,2024-02-18,20240218,20240218,20240218,completed,2.14,2.16,13.87,,0.0
817,86,23,1,9,2024-03-03,20240303,20240303,20240303,completed,3.34,1.49,14.93,2.0,3.17
818,108,22,2,10,2024-03-27,20240327,20240327,20240327,completed,19.22,2.11,121.66,1.0,2.31
819,24,48,1,6,2024-02-01,20240201,20240201,20240201,completed,16.83,2.29,115.62,,0.0
820,81,19,3,10,2024-01-10,20240110,20240110,20240110,cancelled_user,2.69,1.52,12.27,,0.0
821,158,46,3,8,2024-01-11,20240111,20240111,20240111,completed,1.54,1.51,6.98,,0.0
822,120,3,3,7,2024-03-10,20240310,20240310,20240310,completed,1.8,2.35,12.69,,0.0
823,59,42,1,6,2024-03-02,20240302,20240302,20240302,completed,1.57,1.07,5.04,,0.0
824,128,19,3,4,2024-02-16,20240216,20240216,20240216,completed,3.8,1.53,17.44,,0.0
825,114,9,3,7,2024-02-03,20240203,20240203,20240203,cancelled_user,4.67,1.18,16.53,2.0,3.28
826,115,28,1,9,2024-01-17,20240117,20240117,20240117,completed,3.35,1.04,10.45,,0.0
827,14,20,2,10,2024-02-23,20240223,20240223,20240223,completed,2.62,1.17,9.2,1.0,3.28
828,9,45,2,10,2024-03-16,20240316,20240316,20240316,cancelled_driver,1.19,1.65,5.89,2.0,1.67
829,40,7,3,7,2024-03-25,20240325,20240325,20240325,cancelled_user,3.29,2.03,20.04,,0.0
830,194,14,1,1,2024-02-09,20240209,20240209,20240209,cancelled_driver,2.09,1.43,8.97,1.0,2.72
831,25,9,3,10,2024-01-19,20240119,20240119,20240119,completed,3.9,2.27,26.56,2.0,4.4
832,103,19,1,9,2024-03-07,20240307,20240307,20240307,completed,5.62,1.66,27.99,,0.0
833,22,47,1,4,2024-03-22,20240322,20240322,20240322,completed,5.02,2.45,36.9,1.0,3.9
834,4,14,2,3,2024-02-22,20240222,20240222,20240222,completed,3.1,2.43,22.6,2.0,3.8
835,154,38,2,4,2024-03-04,20240304,20240304,20240304,completed,4.06,2.16,26.31,,0.0
836,186,36,1,4,2024-03-23,20240323,20240323,20240323,completed,1.68,2.4,12.1,,0.0
837,29,40,3,10,2024-02-16,20240216,20240216,20240216,completed,0.12,2.06,0.74,1.0,3.62
838,109,17,2,2,2024-01-06,20240106,20240106,20240106,completed,4.9,2.34,34.4,,0.0
839,98,30,3,1,2024-01-16,20240116,20240116,20240116,completed,1.46,1.35,5.91,1.0,2.88
840,37,9,2,10,2024-03-12,20240312,20240312,20240312,completed,5.53,1.52,25.22,,0.0
841,75,33,2,1,2024-01-18,20240118,20240118,20240118,completed,6.87,2.13,43.9,1.0,4.72
842,70,25,3,8,2024-02-21,20240221,20240221,20240221,cancelled_user,12.38,1.64,60.91,,0.0
843,146,14,2,2,2024-02-17,20240217,20240217,20240217,completed,15.87,2.26,107.6,1.0,2.27
844,128,11,2,10,2024-02-12,20240212,20240212,20240212,completed,0.05,2.32,0.35,1.0,4.85
845,85,35,3,5,2024-02-08,20240208,20240208,20240208,cancelled_driver,23.22,1.45,101.01,1.0,4.24
846,42,41,2,4,2024-02-18,20240218,20240218,20240218,completed,5.74,2.24,38.57,,0.0
847,100,14,2,8,2024-01-12,20240112,20240112,20240112,cancelled_driver,5.16,1.23,19.04,,0.0
848,41,30,2,2,2024-01-10,20240110,20240110,20240110,completed,0.08,1.5,0.36,1.0,1.91
849,166,41,3,10,2024-03-11,20240311,20240311,20240311,completed,9.87,1.78,52.71,,0.0
850,34,4,1,9,2024-02-24,20240224,20240224,20240224,completed,0.79,1.34,3.18,2.0,3.21
851,17,4,3,7,2024-01-01,20240101,20240101,20240101,completed,9.08,1.87,50.94,,0.0
852,165,28,1,7,2024-02-18,20240218,20240218,20240218,cancelled_user,0.08,1.87,0.45,2.0,3.87
853,153,8,2,1,2024-02-05,20240205,20240205,20240205,completed,5.19,1.31,20.4,,0.0
854,122,2,1,2,2024-01-21,20240121,20240121,20240121,completed,2.85,2.19,18.72,,0.0
855,76,41,3,4,2024-02-06,20240206,20240206,20240206,completed,1.12,1.95,6.55,,0.0
856,87,46,3,4,2024-01-24,20240124,20240124,20240124,completed,0.57,1.48,2.53,2.0,2.16
857,117,22,2,3,2024-02-24,20240224,20240224,20240224,completed,2.9,1.35,11.74,2.0,4.9
858,106,41,1,7,2024-01-25,20240125,20240125,20240125,completed,0.66,2.32,4.59,,0.0
859,86,16,2,8,2024-01-07,20240107,20240107,20240107,completed,3.33,2.25,22.48,1.0,1.45
860,27,29,2,2,2024-03-21,20240321,20240321,20240321,completed,4.91,1.34,19.74,2.0,3.74
861,57,49,3,4,2024-03-11,20240311,20240311,20240311,completed,8.78,1.05,27.66,1.0,2.22
862,31,48,1,3,2024-03-11,20240311,20240311,20240311,completed,5.68,2.21,37.66,2.0,1.59
863,134,30,1,2,2024-01-24,20240124,20240124,20240124,completed,0.34,1.92,1.96,1.0,2.69
864,168,12,1,6,2024-01-11,20240111,20240111,20240111,cancelled_user,1.84,1.15,6.35,,0.0
865,98,35,1,4,2024-03-13,20240313,20240313,20240313,completed,1.7,1.88,9.59,,0.0
866,12,11,2,6,2024-01-12,20240112,20240112,20240112,completed,12.33,1.68,62.14,,0.0
867,53,46,2,2,2024-02-04,20240204,20240204,20240204,completed,10.12,2.16,65.58,2.0,2.78
868,199,50,3,4,2024-03-03,20240303,20240303,20240303,completed,2.31,1.31,9.08,,0.0
869,138,21,2,6,2024-03-08,20240308,20240308,20240308,completed,0.37,1.68,1.86,,0.0
870,173,21,2,5,2024-02-26,20240226,20240226,20240226,completed,11.23,1.23,41.44,,0.0
871,145,5,3,3,2024-01-13,20240113,20240113,20240113,completed,10.95,2.44,80.15,1.0,4.91
872,154,48,3,8,2024-01-23,20240123,20240123,20240123,completed,9.65,2.17,62.82,,0.0
873,190,20,3,7,2024-03-23,20240323,20240323,20240323,completed,9.32,2.11,59.0,,0.0
874,122,37,2,3,2024-02-08,20240208,20240208,20240208,completed,3.27,2.04,20.01,,0.0
875,46,3,2,6,2024-03-28,20240328,20240328,20240328,completed,0.98,1.64,4.82,1.0,1.63
876,64,44,3,4,2024-03-20,20240320,20240320,20240320,completed,3.25,2.38,23.2,2.0,1.75
877,130,33,3,5,2024-01-12,20240112,20240112,20240112,cancelled_user,3.41,1.11,11.36,1.0,4.71
878,54,9,3,5,2024-02-03,20240203,20240203,20240203,completed,3.37,2.2,22.24,,0.0
879,107,9,2,7,2024-03-11,20240311,20240311,20240311,completed,3.87,1.32,15.33,2.0,1.61
880,193,4,2,5,2024-03-15,20240315,20240315,20240315,completed,1.49,1.49,6.66,,0.0
881,51,35,1,3,2024-01-31,20240131,20240131,20240131,cancelled_user,2.28,1.78,12.18,,0.0
882,181,17,2,10,2024-03-02,20240302,20240302,20240302,completed,2.85,2.17,18.55,,0.0
883,36,34,2,5,2024-01-13,20240113,20240113,20240113,completed,0.7,2.26,4.75,,0.0
884,115,24,2,7,2024-01-31,20240131,20240131,20240131,completed,3.04,1.88,17.15,,0.0
885,26,32,3,5,2024-01-02,20240102,20240102,20240102,completed,8.32,1.6,39.94,,0.0
886,29,1,2,5,2024-01-15,20240115,20240115,20240115,completed,8.8,2.42,63.89,2.0,2.31
887,149,8,3,9,2024-02-26,20240226,20240226,20240226,completed,2.65,1.37,10.89,,0.0
888,11,45,1,3,2024-03-15,20240315,20240315,20240315,cancelled_user,3.66,2.2,24.16,,0.0
889,40,23,1,6,2024-02-03,20240203,20240203,20240203,completed,0.17,1.92,0.98,2.0,4.29
890,11,47,3,1,2024-03-08,20240308,20240308,20240308,completed,5.61,1.57,26.42,,0.0
891,164,40,3,10,2024-03-15,20240315,20240315,20240315,cancelled_user,2.59,1.0,7.77,1.0,1.92
892,113,12,3,5,2024-01-29,20240129,20240129,20240129,completed,2.95,1.67,14.78,2.0,2.67
893,187,12,2,8,2024-03-06,20240306,20240306,20240306,cancelled_driver,10.34,1.42,44.05,1.0,4.21
894,39,46,1,5,2024-01-16,20240116,20240116,20240116,completed,3.1,1.16,10.79,1.0,3.15
895,54,47,3,9,2024-02-08,20240208,20240208,20240208,completed,0.11,1.11,0.37,,0.0
896,98,15,2,6,2024-03-17,20240317,20240317,20240317,completed,1.29,1.52,5.88,,0.0
897,55,41,1,8,2024-02-06,20240206,20240206,20240206,completed,3.23,1.92,18.6,,0.0
898,111,19,2,10,2024-03-21,20240321,20240321,20240321,completed,2.76,2.26,18.71,,0.0
899,152,26,1,8,2024-01-21,20240121,20240121,20240121,cancelled_user,9.84,1.28,37.79,2.0,3.33
900,150,29,2,3,2024-02-13,20240213,20240213,20240213,cancelled_driver,3.91,1.64,19.24,1.0,3.84
901,69,22,1,7,2024-01-19,20240119,20240119,20240119,completed,5.85,1.59,27.9,,0.0
902,56,40,1,7,2024-03-11,20240311,20240311,20240311,completed,3.17,1.77,16.83,,0.0
903,33,21,2,10,2024-01-08,20240108,20240108,20240108,completed,2.9,2.21,19.23,1.0,2.0
904,36,38,3,6,2024-03-17,20240317,20240317,20240317,cancelled_user,2.96,1.83,16.25,,0.0
905,148,20,1,7,2024-03-06,20240306,20240306,20240306,completed,2.65,2.27,18.05,,0.0
906,81,29,3,2,2024-02-10,20240210,20240210,20240210,completed,3.87,1.78,20.67,,0.0
907,190,4,2,9,2024-03-15,20240315,20240315,20240315,completed,1.44,1.91,8.25,2.0,4.17
908,109,7,3,10,2024-03-28,20240328,20240328,20240328,completed,11.08,1.66,55.18,,0.0
909,154,28,3,10,2024-03-10,20240310,20240310,20240310,cancelled_driver,2.03,2.23,13.58,,0.0
910,194,28,3,1,2024-03-01,20240301,20240301,20240301,completed,0.8,2.39,5.74,,0.0
911,73,4,3,1,2024-01-26,20240126,20240126,20240126,completed,0.51,1.96,3.0,2.0,1.49
912,40,22,3,3,2024-03-11,20240311,20240311,20240311,completed,0.07,2.23,0.47,,0.0
913,17,12,1,3,2024-03-23,20240323,20240323,20240323,completed,2.75,1.09,8.99,,0.0
914,129,45,1,1,2024-03-10,20240310,20240310,20240310,completed,1.04,2.36,7.36,1.0,2.39
915,61,3,1,7,2024-01-29,20240129,20240129,20240129,completed,0.11,1.28,0.42,1.0,1.14
916,171,22,2,4,2024-03-06,20240306,20240306,20240306,completed,3.67,1.38,15.19,,0.0
917,104,44,3,10,2024-01-19,20240119,20240119,20240119,completed,5.7,1.08,18.47,,0.0
918,42,2,1,2,2024-03-08,20240308,20240308,20240308,completed,0.45,2.45,3.31,,0.0
919,25,24,2,10,2024-02-27,20240227,20240227,20240227,completed,3.09,2.28,21.14,1.0,4.6
920,39,34,1,5,2024-03-10,20240310,20240310,20240310,completed,6.81,2.37,48.42,,0.0
921,35,27,1,6,2024-02-26,20240226,20240226,20240226,completed,21.27,2.27,144.85,,0.0
922,131,41,3,9,2024-02-06,20240206,20240206,20240206,completed,5.5,1.72,28.38,2.0,1.59
923,108,1,2,4,2024-03-01,20240301,20240301,20240301,completed,1.4,2.39,10.04,,0.0
924,172,8,3,2,2024-01-30,20240130,20240130,20240130,completed,6.3,2.45,46.3,2.0,3.33
925,179,23,3,5,2024-03-11,20240311,20240311,20240311,completed,4.56,1.75,23.94,1.0,4.48
926,102,38,1,3,2024-03-13,20240313,20240313,20240313,cancelled_user,1.19,1.26,4.5,,0.0
927,98,6,3,2,2024-01-25,20240125,20240125,20240125,completed,9.52,1.99,56.83,,0.0
928,12,22,2,1,2024-03-05,20240305,20240305,20240305,completed,2.79,2.46,20.59,2.0,3.24
929,19,25,3,10,2024-01-06,20240106,20240106,20240106,completed,16.35,2.31,113.31,2.0,1.71
930,101,18,3,2,2024-01-18,20240118,20240118,20240118,completed,6.42,2.29,44.11,2.0,3.44
931,44,17,3,6,2024-01-10,20240110,20240110,20240110,cancelled_user,5.17,2.4,37.22,2.0,2.05
932,187,12,1,8,2024-01-11,20240111,20240111,20240111,completed,6.52,2.34,45.77,,0.0
933,49,6,2,3,2024-03-05,20240305,20240305,20240305,cancelled_user,3.25,2.16,21.06,,0.0
934,189,26,1,9,2024-03-17,20240317,20240317,20240317,cancelled_user,3.52,2.08,21.96,1.0,3.37
935,17,27,1,9,2024-03-24,20240324,20240324,20240324,cancelled_driver,9.53,1.4,40.03,,0.0
936,74,8,1,2,2024-03-05,20240305,20240305,20240305,cancelled_user,5.71,1.93,33.06,1.0,1.98
937,57,19,1,8,2024-02-21,20240221,20240221,20240221,cancelled_user,11.38,1.78,60.77,,0.0
938,55,42,1,10,2024-03-07,20240307,20240307,20240307,completed,11.07,2.29,76.05,,0.0
939,47,1,2,5,2024-03-22,20240322,20240322,20240322,completed,18.75,1.74,97.88,,0.0
940,12,29,3,4,2024-03-18,20240318,20240318,20240318,completed,6.02,1.19,21.49,1.0,3.41
941,62,45,1,10,2024-01-31,20240131,20240131,20240131,completed,3.49,1.01,10.57,,0.0
942,80,49,1,5,2024-03-31,20240331,20240331,20240331,cancelled_driver,0.91,2.02,5.51,,0.0
943,83,35,2,4,2024-01-17,20240117,20240117,20240117,completed,6.11,1.82,33.36,,0.0
944,8,40,2,8,2024-02-24,20240224,20240224,20240224,cancelled_user,1.72,1.5,7.74,,0.0
945,149,14,3,4,2024-02-05,20240205,20240205,20240205,cancelled_user,1.66,1.25,6.22,,0.0
946,81,35,2,10,2024-01-26,20240126,20240126,20240126,completed,1.36,1.7,6.94,,0.0
947,118,48,3,6,2024-02-22,20240222,20240222,20240222,completed,10.4,1.15,35.88,,0.0
948,198,45,1,2,2024-01-17,20240117,20240117,20240117,completed,10.12,1.5,45.54,,0.0
949,200,20,1,5,2024-03-26,20240326,20240326,20240326,completed,4.98,1.57,23.46,,0.0
950,25,49,3,6,2024-01-25,20240125,20240125,20240125,completed,3.2,1.7,16.32,,0.0
951,89,13,2,5,2024-01-02,20240102,20240102,20240102,cancelled_driver,5.58,1.7,28.46,,0.0
952,12,38,3,2,2024-03-26,20240326,20240326,20240326,completed,4.67,1.39,19.47,,0.0
953,143,49,2,7,2024-01-05,20240105,20240105,20240105,completed,2.69,2.28,18.4,,0.0
954,59,46,1,4,2024-01-04,20240104,20240104,20240104,completed,2.39,1.53,10.97,2.0,4.16
955,154,49,2,8,2024-02-05,20240205,20240205,20240205,completed,2.41,1.34,9.69,,0.0
956,109,8,3,7,2024-01-06,20240106,20240106,20240106,completed,4.45,1.26,16.82,,0.0
957,26,43,3,7,2024-01-21,20240121,20240121,20240121,completed,5.22,1.48,23.18,2.0,2.34
958,47,20,1,9,2024-03-17,20240317,20240317,20240317,completed,3.01,1.1,9.93,2.0,4.31
959,32,33,2,1,2024-03-29,20240329,20240329,20240329,completed,17.32,1.05,54.56,,0.0
960,10,26,2,10,2024-01-26,20240126,20240126,20240126,completed,0.44,1.91,2.52,,0.0
961,16,39,2,6,2024-02-24,20240224,20240224,20240224,cancelled_user,2.13,1.93,12.33,1.0,3.83
962,199,21,1,6,2024-02-08,20240208,20240208,20240208,completed,2.72,1.79,14.61,,0.0
963,145,49,2,6,2024-03-24,20240324,20240324,20240324,completed,0.09,2.14,0.58,,0.0
964,151,42,3,6,2024-02-02,20240202,20240202,20240202,completed,2.27,1.06,7.22,,0.0
965,26,43,2,10,2024-01-14,20240114,20240114,20240114,completed,1.6,2.4,11.52,2.0,4.43
966,86,41,1,7,2024-02-25,20240225,20240225,20240225,completed,3.53,1.14,12.07,,0.0
967,135,9,2,10,2024-03-21,20240321,20240321,20240321,completed,2.05,2.01,12.36,,0.0
968,14,24,2,6,2024-01-21,20240121,20240121,20240121,completed,6.48,1.2,23.33,2.0,4.14
969,79,37,3,1,2024-02-15,20240215,20240215,20240215,completed,3.57,2.32,24.85,1.0,4.93
970,117,49,2,3,2024-01-16,20240116,20240116,20240116,completed,0.69,1.77,3.66,,0.0
971,7,41,3,2,2024-01-16,20240116,20240116,20240116,completed,6.93,1.12,23.28,,0.0
972,137,17,3,6,2024-03-24,20240324,20240324,20240324,completed,0.52,1.93,3.01,1.0,4.41
973,115,24,1,8,2024-01-29,20240129,20240129,20240129,completed,9.13,1.01,27.66,,0.0
974,176,21,3,3,2024-01-08,20240108,20240108,20240108,completed,13.4,2.16,86.83,,0.0
975,72,39,3,10,2024-03-28,20240328,20240328,20240328,cancelled_user,1.95,1.98,11.58,,0.0
976,59,41,1,8,2024-01-03,20240103,20240103,20240103,completed,13.03,1.32,51.6,,0.0
977,82,39,3,8,2024-03-29,20240329,20240329,20240329,completed,7.88,1.56,36.88,,0.0
978,116,13,1,5,2024-01-19,20240119,20240119,20240119,completed,12.78,1.01,38.72,,0.0
979,167,11,2,8,2024-03-06,20240306,20240306,20240306,cancelled_driver,5.49,2.04,33.6,2.0,3.77
980,146,46,1,6,2024-03-19,20240319,20240319,20240319,completed,1.34,1.48,5.95,2.0,1.06
981,187,19,3,5,2024-03-26,20240326,20240326,20240326,completed,11.25,1.86,62.78,,0.0
982,103,11,1,9,2024-03-14,20240314,20240314,20240314,completed,1.02,2.44,7.47,2.0,2.28
983,17,13,3,7,2024-03-22,20240322,20240322,20240322,completed,1.2,1.45,5.22,,0.0
984,14,46,2,8,2024-01-22,20240122,20240122,20240122,completed,1.58,2.49,11.8,1.0,2.26
985,159,45,1,1,2024-02-15,20240215,20240215,20240215,completed,1.81,1.95,10.59,1.0,3.53
986,152,1,2,2,2024-03-31,20240331,20240331,20240331,completed,3.61,1.36,14.73,,0.0
987,108,40,3,8,2024-01-13,20240113,20240113,20240113,cancelled_user,6.25,1.66,31.12,,0.0
988,188,44,3,9,2024-02-02,20240202,20240202,20240202,completed,13.03,2.11,82.48,,0.0
989,45,19,2,4,2024-01-05,20240105,20240105,20240105,completed,0.46,1.67,2.3,2.0,2.65
990,98,12,1,10,2024-03-30,20240330,20240330,20240330,completed,15.44,1.1,50.95,1.0,2.49
991,131,8,1,10,2024-03-17,20240317,20240317,20240317,completed,12.71,1.25,47.66,,0.0
992,37,8,3,9,2024-01-27,20240127,20240127,20240127,completed,0.28,2.19,1.84,2.0,1.25
993,171,45,2,4,2024-03-18,20240318,20240318,20240318,cancelled_user,2.23,1.97,13.18,,0.0
994,168,12,2,10,2024-01-24,20240124,20240124,20240124,completed,8.39,1.85,46.56,1.0,4.3
995,183,48,1,10,2024-03-07,20240307,20240307,20240307,cancelled_user,4.73,1.25,17.74,2.0,2.39
996,108,33,1,10,2024-03-03,20240303,20240303,20240303,completed,7.55,2.26,51.19,,0.0
997,39,45,1,9,2024-02-17,20240217,20240217,20240217,completed,6.35,2.44,46.48,,0.0
998,15,26,2,7,2024-03-03,20240303,20240303,20240303,cancelled_user,3.43,1.06,10.91,,0.0
999,120,39,1,2,2024-03-18,20240318,20240318,20240318,completed,0.21,1.12,0.71,,0.0
1000,4,28,1,9,2024-01-12,20240112,20240112,20240112,completed,4.39,2.33,30.69,,0.0
1001,93,5,3,4,2024-01-28,20240128,20240128,20240128,completed,0.25,2.22,1.66,,0.0
1002,153,8,1,8,2024-02-13,20240213,20240213,20240213,completed,4.63,1.93,26.81,,0.0
1003,141,25,1,7,2024-02-12,20240212,20240212,20240212,completed,8.06,2.42,58.52,2.0,3.21
1004,161,27,2,7,2024-01-17,20240117,20240117,20240117,completed,4.4,1.97,26.0,2.0,3.47
1005,16,46,2,8,2024-02-09,20240209,20240209,20240209,completed,29.08,1.32,115.16,,0.0
1006,170,23,3,1,2024-02-18,20240218,20240218,20240218,completed,3.04,2.09,19.06,1.0,3.86
1007,108,30,1,5,2024-03-25,20240325,20240325,20240325,completed,6.91,1.97,40.84,1.0,3.78
1008,126,45,3,2,2024-02-26,20240226,20240226,20240226,cancelled_user,5.5,2.48,40.92,,0.0
1009,194,47,2,2,2024-03-27,20240327,20240327,20240327,completed,23.8,1.32,94.25,,0.0
1010,55,23,3,1,2024-03-24,20240324,20240324,20240324,completed,6.25,1.9,35.62,,0.0
1011,170,49,2,5,2024-03-04,20240304,20240304,20240304,cancelled_user,0.9,2.17,5.86,2.0,4.92
1012,34,47,3,2,2024-03-15,20240315,20240315,20240315,completed,15.56,1.51,70.49,,0.0
1013,158,20,3,4,2024-02-26,20240226,20240226,20240226,cancelled_user,5.51,1.57,25.95,,0.0
1014,13,18,1,3,2024-03-14,20240314,20240314,20240314,completed,0.31,2.33,2.17,,0.0
1015,141,18,3,3,2024-03-14,20240314,20240314,20240314,completed,5.36,1.61,25.89,1.0,4.27
1016,18,2,1,2,2024-03-10,20240310,20240310,20240310,completed,10.73,1.94,62.45,2.0,3.94
1017,160,4,1,6,2024-03-28,20240328,20240328,20240328,completed,4.3,2.33,30.06,2.0,4.08
1018,96,30,1,2,2024-03-16,20240316,20240316,20240316,completed,2.18,1.31,8.57,1.0,1.92
1019,123,33,1,8,2024-02-12,20240212,20240212,20240212,cancelled_user,8.6,2.47,63.73,1.0,4.61
1020,39,36,3,8,2024-01-23,20240123,20240123,20240123,cancelled_user,7.63,2.05,46.92,2.0,1.39
1021,46,18,2,5,2024-01-27,20240127,20240127,20240127,cancelled_driver,3.93,1.74,20.51,,0.0
1022,29,37,2,10,2024-02-27,20240227,20240227,20240227,completed,0.84,1.65,4.16,,0.0
1023,190,19,2,7,2024-02-06,20240206,20240206,20240206,completed,1.44,2.43,10.5,,0.0
1024,62,47,3,4,2024-01-06,20240106,20240106,20240106,completed,6.71,1.31,26.37,1.0,2.25
1025,185,28,1,1,2024-03-05,20240305,20240305,20240305,completed,8.2,1.47,36.16,,0.0
1026,16,40,2,2,2024-01-06,20240106,20240106,20240106,completed,1.64,1.46,7.18,1.0,2.55
1027,184,20,3,10,2024-02-19,20240219,20240219,20240219,completed,2.29,1.43,9.82,,0.0
1028,121,49,1,10,2024-01-22,20240122,20240122,20240122,completed,0.4,1.7,2.04,,0.0
1029,10,33,2,4,2024-03-28,20240328,20240328,20240328,completed,6.25,2.48,46.5,,0.0
1030,158,12,1,1,2024-01-25,20240125,20240125,20240125,completed,0.02,2.33,0.14,,0.0
1031,153,15,2,8,2024-03-19,20240319,20240319,20240319,cancelled_driver,0.24,1.49,1.07,,0.0
1032,103,41,2,9,2024-03-30,20240330,20240330,20240330,completed,0.02,1.63,0.1,,0.0
1033,84,39,2,4,2024-03-12,20240312,20240312,20240312,completed,5.18,2.0,31.08,,0.0
1034,133,2,1,10,2024-02-20,20240220,20240220,20240220,completed,2.7,1.03,8.34,,0.0
1035,65,29,3,3,2024-03-28,20240328,20240328,20240328,cancelled_driver,1.77,2.23,11.84,,0.0
1036,177,41,1,2,2024-02-17,20240217,20240217,20240217,completed,12.19,2.32,84.84,,0.0
1037,3,10,2,5,2024-03-10,20240310,20240310,20240310,cancelled_user,1.07,2.29,7.35,,0.0
1038,173,2,1,3,2024-03-05,20240305,20240305,20240305,cancelled_user,2.47,1.56,11.56,,0.0
1039,142,11,3,10,2024-02-29,20240229,20240229,20240229,cancelled_user,14.09,1.69,71.44,1.0,3.6
1040,120,13,1,7,2024-02-15,20240215,20240215,20240215,completed,2.79,1.02,8.54,,0.0
1041,158,10,3,6,2024-02-05,20240205,20240205,20240205,completed,4.04,1.6,19.39,,0.0
1042,68,14,3,1,2024-02-27,20240227,20240227,20240227,completed,0.42,1.69,2.13,,0.0
1043,146,18,1,8,2024-03-16,20240316,20240316,20240316,completed,7.81,2.36,55.29,1.0,1.05
1044,190,9,2,2,2024-02-07,20240207,20240207,20240207,completed,2.75,2.34,19.3,2.0,4.8
1045,37,39,3,5,2024-01-11,20240111,20240111,20240111,completed,8.06,2.45,59.24,,0.0
1046,153,28,1,9,2024-01-12,20240112,20240112,20240112,completed,1.46,2.33,10.21,,0.0
1047,176,3,3,8,2024-02-11,20240211,20240211,20240211,completed,2.75,1.01,8.33,2.0,2.15
1048,193,20,2,2,2024-02-08,20240208,20240208,20240208,completed,7.72,1.96,45.39,,0.0
1049,181,6,1,9,2024-03-11,20240311,20240311,20240311,completed,18.22,1.1,60.13,,0.0
1050,73,27,1,5,2024-01-11,20240111,20240111,20240111,completed,0.31,1.41,1.31,1.0,4.13
1051,143,2,1,10,2024-02-05,20240205,20240205,20240205,completed,8.37,1.87,46.96,,0.0
1052,49,29,2,6,2024-02-21,20240221,20240221,20240221,completed,1.79,2.05,11.01,2.0,4.46
1053,121,38,3,3,2024-01-31,20240131,20240131,20240131,cancelled_user,4.0,1.98,23.76,,0.0
1054,88,3,1,3,2024-02-02,20240202,20240202,20240202,completed,1.71,1.07,5.49,,0.0
1055,196,16,3,10,2024-01-13,20240113,20240113,20240113,completed,4.75,1.16,16.53,,0.0
1056,140,30,3,8,2024-01-18,20240118,20240118,20240118,completed,2.18,1.19,7.78,,0.0
1057,187,40,2,10,2024-02-10,20240210,20240210,20240210,completed,2.03,1.14,6.94,,0.0
1058,37,2,1,10,2024-02-27,20240227,20240227,20240227,completed,0.19,1.27,0.72,,0.0
1059,61,17,3,2,2024-02-25,20240225,20240225,20240225,completed,0.79,2.03,4.81,,0.0
1060,171,41,1,2,2024-01-24,20240124,20240124,20240124,completed,12.45,2.25,84.04,,0.0
1061,124,12,1,5,2024-03-13,20240313,20240313,20240313,completed,31.82,1.61,153.69,,0.0
1062,198,35,2,6,2024-01-31,20240131,20240131,20240131,completed,7.58,2.04,46.39,1.0,4.06
1063,39,43,1,2,2024-02-24,20240224,20240224,20240224,completed,1.69,1.3,6.59,,0.0
1064,184,1,1,5,2024-01-10,20240110,20240110,20240110,completed,2.57,2.46,18.97,,0.0
1065,63,45,3,7,2024-02-29,20240229,20240229,20240229,completed,6.73,1.52,30.69,1.0,1.05
1066,46,15,2,10,2024-01-02,20240102,20240102,20240102,completed,17.29,2.27,117.74,,0.0
1067,88,26,1,10,2024-01-15,20240115,20240115,20240115,completed,3.04,2.42,22.07,,0.0
1068,11,37,3,8,2024-01-03,20240103,20240103,20240103,completed,8.85,2.3,61.06,,0.0
1069,62,21,2,7,2024-02-12,20240212,20240212,20240212,cancelled_user,18.46,1.1,60.92,,0.0
1070,77,49,2,8,2024-01-31,20240131,20240131,20240131,completed,10.34,1.98,61.42,,0.0
1071,153,31,3,9,2024-03-10,20240310,20240310,20240310,completed,1.29,1.18,4.57,,0.0
1072,199,25,3,5,2024-03-07,20240307,20240307,20240307,cancelled_user,0.04,1.01,0.12,,0.0
1073,52,23,3,5,2024-02-25,20240225,20240225,20240225,completed,3.39,1.08,10.98,,0.0
1074,4,24,3,10,2024-03-03,20240303,20240303,20240303,completed,3.79,2.37,26.95,,0.0
1075,59,38,3,4,2024-03-15,20240315,20240315,20240315,cancelled_driver,1.12,2.36,7.93,,0.0
1076,72,28,1,9,2024-01-15,20240115,20240115,20240115,cancelled_user,1.68,1.34,6.75,,0.0
1077,148,21,1,5,2024-01-10,20240110,20240110,20240110,completed,7.24,1.82,39.53,1.0,4.56
1078,93,43,2,2,2024-02-07,20240207,20240207,20240207,completed,3.18,2.43,23.18,1.0,2.74
1079,63,18,1,10,2024-02-16,20240216,20240216,20240216,cancelled_user,1.91,1.75,10.03,,0.0
1080,54,36,1,8,2024-02-26,20240226,20240226,20240226,completed,4.87,1.59,23.23,2.0,4.66
1081,117,35,1,7,2024-02-19,20240219,20240219,20240219,cancelled_user,5.29,1.72,27.3,,0.0
1082,110,45,3,8,2024-03-11,20240311,20240311,20240311,completed,7.34,2.19,48.22,,0.0
1083,74,9,2,3,2024-01-15,20240115,20240115,20240115,completed,0.85,1.72,4.39,1.0,1.39
1084,107,38,2,4,2024-01-18,20240118,20240118,20240118,cancelled_driver,6.76,2.17,44.01,1.0,4.17
1085,57,30,2,5,2024-03-22,20240322,20240322,20240322,cancelled_user,4.57,1.65,22.62,,0.0
1086,169,44,2,6,2024-03-28,20240328,20240328,20240328,completed,0.3,1.38,1.24,,0.0
1087,3,34,1,1,2024-01-02,20240102,20240102,20240102,completed,7.51,1.49,33.57,,0.0
1088,120,32,1,4,2024-03-24,20240324,20240324,20240324,completed,2.42,1.12,8.13,,0.0
1089,6,3,3,10,2024-02-12,20240212,20240212,20240212,completed,2.01,1.75,10.55,1.0,4.79
1090,5,3,2,5,2024-01-26,20240126,20240126,20240126,completed,2.97,1.22,10.87,2.0,2.51
1091,5,28,1,7,2024-03-11,20240311,20240311,20240311,cancelled_driver,2.12,2.22,14.12,,0.0
1092,54,44,1,5,2024-02-07,20240207,20240207,20240207,cancelled_user,2.06,1.63,10.07,,0.0
1093,47,15,3,1,2024-02-11,20240211,20240211,20240211,completed,8.25,2.15,53.21,,0.0
1094,177,41,3,7,2024-01-05,20240105,20240105,20240105,completed,0.66,2.43,4.81,,0.0
1095,9,23,3,8,2024-01-11,20240111,20240111,20240111,completed,17.63,2.27,120.06,,0.0
1096,99,40,1,7,2024-03-05,20240305,20240305,20240305,completed,4.05,2.43,29.52,1.0,2.51
1097,20,11,1,4,2024-02-03,20240203,20240203,20240203,completed,1.01,1.85,5.61,1.0,4.78
1098,122,48,3,8,2024-01-01,20240101,20240101,20240101,completed,0.7,1.25,2.62,,0.0
1099,61,32,2,5,2024-03-23,20240323,20240323,20240323,completed,4.48,2.4,32.26,2.0,2.53
1100,123,36,3,10,2024-01-02,20240102,20240102,20240102,completed,5.01,2.3,34.57,1.0,1.1
1101,163,33,3,9,2024-03-25,20240325,20240325,20240325,completed,0.27,2.3,1.86,,0.0
1102,178,24,3,10,2024-01-20,20240120,20240120,20240120,completed,1.39,2.04,8.51,,0.0
1103,82,39,3,5,2024-03-01,20240301,20240301,20240301,completed,7.94,1.94,46.21,,0.0
1104,62,34,1,1,2024-03-27,20240327,20240327,20240327,completed,0.25,1.02,0.76,1.0,2.72
1105,145,28,2,9,2024-01-21,20240121,20240121,20240121,completed,9.66,2.12,61.44,,0.0
1106,3,37,3,5,2024-03-28,20240328,20240328,20240328,completed,5.37,1.14,18.37,,0.0
1107,160,7,2,6,2024-03-08,20240308,20240308,20240308,completed,2.85,1.39,11.88,2.0,1.53
1108,13,4,2,4,2024-01-12,20240112,20240112,20240112,cancelled_user,2.13,1.83,11.69,2.0,3.09
1109,120,37,2,6,2024-01-22,20240122,20240122,20240122,completed,0.1,1.68,0.5,,0.0
1110,125,1,3,8,2024-01-20,20240120,20240120,20240120,completed,8.72,1.02,26.68,,0.0
1111,89,1,1,3,2024-03-22,20240322,20240322,20240322,completed,0.77,2.24,5.17,,0.0
1112,73,47,3,5,2024-01-01,20240101,20240101,20240101,completed,1.85,2.32,12.88,2.0,2.42
1113,68,20,2,2,2024-01-30,20240130,20240130,20240130,completed,4.21,2.02,25.51,,0.0
1114,142,19,2,2,2024-01-24,20240124,20240124,20240124,cancelled_driver,1.41,1.81,7.66,,0.0
1115,101,29,1,7,2024-01-14,20240114,20240114,20240114,completed,3.44,2.44,25.18,,0.0
1116,98,10,3,10,2024-02-05,20240205,20240205,20240205,cancelled_driver,8.29,1.18,29.35,,0.0
1117,11,18,2,10,2024-03-09,20240309,20240309,20240309,completed,3.18,2.11,20.13,1.0,2.9
1118,105,28,1,10,2024-03-15,20240315,20240315,20240315,completed,14.88,1.19,53.12,,0.0
1119,184,35,2,6,2024-01-24,20240124,20240124,20240124,completed,9.4,1.57,44.27,1.0,1.49
1120,67,43,1,4,2024-02-29,20240229,20240229,20240229,completed,2.03,1.88,11.45,1.0,4.86
1121,123,47,1,5,2024-02-24,20240224,20240224,20240224,completed,2.55,2.11,16.14,,0.0
1122,29,31,3,1,2024-03-17,20240317,20240317,20240317,completed,2.75,1.01,8.33,,0.0
1123,137,27,2,7,2024-03-20,20240320,20240320,20240320,cancelled_user,4.92,1.39,20.52,2.0,2.64
1124,195,11,3,8,2024-01-24,20240124,20240124,20240124,completed,1.69,1.81,9.18,,0.0
1125,153,49,2,9,2024-03-17,20240317,20240317,20240317,completed,17.41,1.8,94.01,2.0,3.8
1126,76,49,3,8,2024-01-24,20240124,20240124,20240124,cancelled_user,4.69,1.96,27.58,,0.0
1127,170,38,2,5,2024-02-23,20240223,20240223,20240223,cancelled_user,2.55,1.46,11.17,,0.0
1128,9,5,3,3,2024-01-26,20240126,20240126,20240126,completed,5.18,1.81,28.13,2.0,2.21
1129,40,8,1,10,2024-03-06,20240306,20240306,20240306,cancelled_user,2.52,1.28,9.68,2.0,4.47
1130,25,34,2,9,2024-03-20,20240320,20240320,20240320,cancelled_user,8.51,1.28,32.68,,0.0
1131,5,48,2,6,2024-02-07,20240207,20240207,20240207,completed,4.19,1.86,23.38,1.0,2.46
1132,139,12,1,5,2024-03-05,20240305,20240305,20240305,completed,0.21,2.03,1.28,1.0,2.06
1133,187,38,3,3,2024-03-15,20240315,20240315,20240315,completed,0.97,1.18,3.43,,0.0
1134,124,1,2,6,2024-02-20,20240220,20240220,20240220,completed,10.01,1.18,35.44,,0.0
1135,38,31,2,3,2024-02-04,20240204,20240204,20240204,completed,4.14,1.85,22.98,,0.0
1136,72,4,3,10,2024-02-12,20240212,20240212,20240212,cancelled_driver,15.01,1.41,63.49,1.0,2.17
1137,133,49,1,6,2024-01-29,20240129,20240129,20240129,completed,0.38,1.59,1.81,,0.0
1138,176,45,3,4,2024-02-06,20240206,20240206,20240206,completed,1.75,1.6,8.4,,0.0
1139,90,50,3,2,2024-03-21,20240321,20240321,20240321,cancelled_driver,1.08,1.27,4.11,1.0,3.02
1140,146,5,3,8,2024-02-27,20240227,20240227,20240227,cancelled_user,4.04,1.0,12.12,,0.0
1141,198,30,2,4,2024-02-23,20240223,20240223,20240223,completed,2.41,2.28,16.48,1.0,4.83
1142,37,24,1,9,2024-02-08,20240208,20240208,20240208,completed,0.86,2.07,5.34,,0.0
1143,60,3,1,7,2024-02-11,20240211,20240211,20240211,completed,5.15,2.04,31.52,,0.0
1144,176,11,3,2,2024-01-28,20240128,20240128,20240128,completed,3.84,1.82,20.97,,0.0
1145,28,45,2,4,2024-01-29,20240129,20240129,20240129,completed,1.61,2.05,9.9,1.0,4.8
1146,197,4,3,5,2024-02-12,20240212,20240212,20240212,completed,3.27,2.4,23.54,2.0,3.0
1147,81,26,2,3,2024-01-03,20240103,20240103,20240103,cancelled_user,6.85,2.0,41.1,,0.0
1148,114,27,2,9,2024-01-10,20240110,20240110,20240110,completed,1.15,1.4,4.83,,0.0
1149,40,46,2,5,2024-02-28,20240228,20240228,20240228,completed,1.73,1.86,9.65,1.0,4.57
1150,45,43,2,2,2024-01-14,20240114,20240114,20240114,completed,2.12,1.66,10.56,1.0,1.99
1151,62,27,1,3,2024-03-16,20240316,20240316,20240316,completed,6.87,1.83,37.72,2.0,1.26
1152,93,42,2,9,2024-02-16,20240216,20240216,20240216,completed,9.38,1.78,50.09,,0.0
1153,115,50,2,7,2024-02-11,20240211,20240211,20240211,cancelled_user,2.36,2.29,16.21,1.0,4.38
1154,186,6,3,2,2024-02-01,20240201,20240201,20240201,completed,1.76,1.98,10.45,,0.0
1155,67,15,3,9,2024-02-01,20240201,20240201,20240201,completed,11.01,1.28,42.28,2.0,4.13
1156,56,30,1,4,2024-02-11,20240211,20240211,20240211,completed,36.81,1.09,120.37,,0.0
1157,40,42,3,9,2024-02-01,20240201,20240201,20240201,completed,5.55,1.64,27.31,2.0,2.82
1158,98,37,2,2,2024-01-26,20240126,20240126,20240126,completed,23.02,1.02,70.44,,0.0
1159,40,37,3,10,2024-01-01,20240101,20240101,20240101,completed,5.39,1.48,23.93,1.0,3.14
1160,91,42,1,4,2024-02-25,20240225,20240225,20240225,completed,6.61,1.55,30.74,1.0,4.76
1161,33,37,3,5,2024-01-02,20240102,20240102,20240102,completed,2.46,1.56,11.51,,0.0
1162,6,35,3,2,2024-03-21,20240321,20240321,20240321,completed,2.84,2.47,21.04,2.0,4.7
1163,147,23,1,10,2024-01-30,20240130,20240130,20240130,completed,0.78,1.46,3.42,2.0,1.88
1164,80,6,1,1,2024-03-11,20240311,20240311,20240311,completed,8.65,1.4,36.33,,0.0
1165,168,4,2,7,2024-02-21,20240221,20240221,20240221,completed,13.37,1.19,47.73,,0.0
1166,92,18,3,10,2024-03-31,20240331,20240331,20240331,completed,4.88,1.77,25.91,2.0,3.0
1167,97,9,2,1,2024-01-09,20240109,20240109,20240109,completed,2.11,1.23,7.79,,0.0
1168,59,49,3,8,2024-01-22,20240122,20240122,20240122,completed,0.84,1.92,4.84,,0.0
1169,59,29,3,3,2024-02-03,20240203,20240203,20240203,completed,1.54,1.23,5.68,2.0,1.51
1170,48,13,2,10,2024-02-18,20240218,20240218,20240218,completed,1.47,1.87,8.25,,0.0
1171,169,47,3,6,2024-01-01,20240101,20240101,20240101,cancelled_driver,4.75,2.24,31.92,,0.0
1172,13,17,3,7,2024-03-13,20240313,20240313,20240313,completed,14.51,1.06,46.14,,0.0
1173,107,45,3,10,2024-03-24,20240324,20240324,20240324,completed,0.25,1.63,1.22,1.0,2.38
1174,45,32,1,1,2024-02-22,20240222,20240222,20240222,completed,0.01,1.69,0.05,1.0,4.28
1175,89,48,2,6,2024-03-23,20240323,20240323,20240323,cancelled_user,4.58,2.19,30.09,,0.0
1176,181,22,1,7,2024-02-09,20240209,20240209,20240209,completed,1.67,1.7,8.52,,0.0
1177,170,4,2,6,2024-02-14,20240214,20240214,20240214,completed,10.62,1.85,58.94,1.0,3.01
1178,100,5,2,4,2024-03-08,20240308,20240308,20240308,cancelled_user,1.98,2.19,13.01,,0.0
1179,191,37,3,1,2024-01-09,20240109,20240109,20240109,cancelled_user,1.71,1.84,9.44,,0.0
1180,155,41,2,9,2024-01-22,20240122,20240122,20240122,completed,1.57,1.54,7.25,,0.0
1181,166,49,1,4,2024-01-18,20240118,20240118,20240118,completed,0.78,1.13,2.64,,0.0
1182,188,13,1,7,2024-03-16,20240316,20240316,20240316,cancelled_user,4.36,2.09,27.34,,0.0
1183,7,34,1,7,2024-02-12,20240212,20240212,20240212,completed,0.92,2.31,6.38,1.0,1.49
1184,133,45,2,2,2024-02-08,20240208,20240208,20240208,completed,2.76,2.46,20.37,,0.0
1185,45,22,1,1,2024-03-13,20240313,20240313,20240313,completed,3.09,2.39,22.16,2.0,4.13
1186,58,23,2,8,2024-01-06,20240106,20240106,20240106,completed,0.1,2.2,0.66,1.0,3.35
1187,31,3,1,8,2024-03-23,20240323,20240323,20240323,completed,0.08,1.97,0.47,,0.0
1188,23,42,1,7,2024-02-17,20240217,20240217,20240217,completed,3.67,2.17,23.89,,0.0
1189,170,34,2,8,2024-01-07,20240107,20240107,20240107,cancelled_driver,5.95,1.65,29.45,,0.0
1190,138,32,1,3,2024-03-20,20240320,20240320,20240320,completed,14.25,1.89,80.8,,0.0
1191,160,45,3,2,2024-03-09,20240309,20240309,20240309,completed,0.99,1.52,4.51,,0.0
1192,107,49,2,7,2024-01-16,20240116,20240116,20240116,completed,0.54,1.49,2.41,,0.0
1193,181,21,2,8,2024-01-01,20240101,20240101,20240101,cancelled_driver,0.27,2.14,1.73,1.0,4.27
1194,158,46,2,1,2024-02-06,20240206,20240206,20240206,completed,2.86,1.68,14.41,,0.0
1195,39,44,3,10,2024-03-23,20240323,20240323,20240323,completed,4.88,1.32,19.32,,0.0
1196,159,21,2,9,2024-02-06,20240206,20240206,20240206,completed,9.18,1.3,35.8,1.0,1.33
1197,82,44,1,4,2024-03-21,20240321,20240321,20240321,completed,5.74,2.29,39.43,,0.0
1198,100,11,1,4,2024-03-04,20240304,20240304,20240304,cancelled_user,1.17,2.02,7.09,,0.0
1199,2,39,1,3,2024-03-30,20240330,20240330,20240330,completed,3.1,1.82,16.93,,0.0
1200,77,4,2,6,2024-03-26,20240326,20240326,20240326,completed,12.06,1.6,57.89,1.0,4.37
1201,12,1,1,1,2024-03-02,20240302,20240302,20240302,completed,1.98,1.65,9.8,,0.0
1202,39,28,2,6,2024-03-12,20240312,20240312,20240312,completed,3.45,1.09,11.28,1.0,4.57
1203,194,24,1,2,2024-03-01,20240301,20240301,20240301,completed,15.92,1.68,80.24,,0.0
1204,13,35,3,9,2024-02-02,20240202,20240202,20240202,completed,6.63,2.19,43.56,,0.0
1205,46,13,3,2,2024-03-06,20240306,20240306,20240306,completed,6.89,1.58,32.66,,0.0
1206,155,47,3,7,2024-01-30,20240130,20240130,20240130,completed,1.45,1.58,6.87,2.0,3.9
1207,113,34,3,1,2024-01-20,20240120,20240120,20240120,completed,2.68,1.02,8.2,1.0,2.2
1208,17,11,2,7,2024-02-29,20240229,20240229,20240229,completed,0.43,1.69,2.18,,0.0
1209,104,36,1,5,2024-03-22,20240322,20240322,20240322,completed,4.66,1.04,14.54,,0.0
1210,98,17,3,8,2024-03-14,20240314,20240314,20240314,completed,0.55,1.86,3.07,,0.0
1211,188,35,2,4,2024-01-24,20240124,20240124,20240124,completed,9.04,1.76,47.73,,0.0
1212,192,18,3,10,2024-01-04,20240104,20240104,20240104,completed,8.42,2.26,57.09,1.0,3.02
1213,88,40,3,7,2024-02-06,20240206,20240206,20240206,cancelled_user,3.81,1.87,21.37,2.0,1.85
1214,109,22,2,6,2024-01-04,20240104,20240104,20240104,completed,0.76,1.49,3.4,1.0,1.3
1215,163,24,2,5,2024-03-17,20240317,20240317,20240317,completed,0.13,1.77,0.69,2.0,3.47
1216,70,19,1,4,2024-03-29,20240329,20240329,20240329,cancelled_user,7.97,2.05,49.02,2.0,4.81
1217,158,37,1,7,2024-03-17,20240317,20240317,20240317,cancelled_user,4.58,1.14,15.66,2.0,2.24
1218,199,39,3,5,2024-01-18,20240118,20240118,20240118,cancelled_user,6.21,1.93,35.96,,0.0
1219,74,21,3,5,2024-03-28,20240328,20240328,20240328,completed,1.81,2.37,12.87,2.0,4.81
1220,63,8,1,1,2024-03-06,20240306,20240306,20240306,completed,3.56,1.45,15.49,,0.0
1221,156,28,1,2,2024-02-17,20240217,20240217,20240217,completed,6.88,1.94,40.04,,0.0
1222,60,5,2,5,2024-02-02,20240202,20240202,20240202,completed,3.1,2.23,20.74,,0.0
1223,79,17,1,3,2024-02-27,20240227,20240227,20240227,completed,4.6,1.77,24.43,,0.0
1224,37,37,1,2,2024-03-23,20240323,20240323,20240323,cancelled_user,7.8,2.08,48.67,,0.0
1225,22,36,3,4,2024-03-13,20240313,20240313,20240313,completed,1.21,1.47,5.34,2.0,2.88
1226,196,19,1,4,2024-01-28,20240128,20240128,20240128,completed,0.34,1.46,1.49,1.0,4.2
1227,148,27,3,4,2024-02-04,20240204,20240204,20240204,cancelled_user,3.79,2.0,22.74,1.0,2.84
1228,96,34,1,4,2024-01-10,20240110,20240110,20240110,completed,0.32,2.06,1.98,2.0,1.25
1229,68,11,2,3,2024-03-05,20240305,20240305,20240305,completed,7.27,2.41,52.56,,0.0
1230,192,45,1,7,2024-02-11,20240211,20240211,20240211,completed,6.35,1.34,25.53,,0.0
1231,17,47,1,9,2024-03-25,20240325,20240325,20240325,completed,10.67,1.7,54.42,,0.0
1232,12,12,1,5,2024-01-09,20240109,20240109,20240109,completed,5.1,1.38,21.11,1.0,3.29
1233,150,21,3,4,2024-02-29,20240229,20240229,20240229,cancelled_driver,0.35,1.12,1.18,,0.0
1234,145,11,2,2,2024-01-15,20240115,20240115,20240115,cancelled_user,1.46,1.6,7.01,2.0,3.21
1235,138,39,1,2,2024-02-26,20240226,20240226,20240226,cancelled_user,8.25,1.56,38.61,,0.0
1236,118,28,3,5,2024-03-09,20240309,20240309,20240309,completed,0.91,1.41,3.85,1.0,1.86
1237,193,5,2,7,2024-01-22,20240122,20240122,20240122,cancelled_user,5.99,1.45,26.06,1.0,2.88
1238,22,17,3,10,2024-03-04,20240304,20240304,20240304,completed,7.58,1.54,35.02,2.0,2.84
1239,120,20,3,10,2024-02-10,20240210,20240210,20240210,completed,2.0,2.48,14.88,,0.0
1240,50,41,2,9,2024-03-27,20240327,20240327,20240327,completed,1.95,2.17,12.69,2.0,2.04
1241,14,46,1,7,2024-03-11,20240311,20240311,20240311,completed,4.08,1.11,13.59,1.0,3.33
1242,192,12,3,5,2024-02-25,20240225,20240225,20240225,completed,9.88,2.31,68.47,,0.0
1243,175,6,3,10,2024-01-23,20240123,20240123,20240123,completed,1.27,1.95,7.43,,0.0
1244,29,17,1,10,2024-01-25,20240125,20240125,20240125,completed,14.17,2.34,99.47,1.0,1.49
1245,164,19,1,10,2024-03-31,20240331,20240331,20240331,completed,4.57,1.51,20.7,,0.0
1246,180,26,2,6,2024-01-06,20240106,20240106,20240106,completed,24.22,1.7,123.52,2.0,2.28
1247,125,48,2,3,2024-02-03,20240203,20240203,20240203,completed,0.47,2.34,3.3,2.0,2.1
1248,7,44,2,5,2024-03-03,20240303,20240303,20240303,completed,0.68,1.41,2.88,,0.0
1249,29,44,1,8,2024-01-09,20240109,20240109,20240109,completed,8.76,2.37,62.28,,0.0
1250,139,32,3,1,2024-02-29,20240229,20240229,20240229,completed,10.0,2.24,67.2,,0.0
1251,33,6,3,1,2024-02-18,20240218,20240218,20240218,completed,2.95,2.47,21.86,,0.0
1252,134,36,2,7,2024-02-20,20240220,20240220,20240220,completed,6.26,1.49,27.98,,0.0
1253,111,38,1,5,2024-02-29,20240229,20240229,20240229,completed,10.11,1.35,40.95,,0.0
1254,79,11,3,5,2024-03-10,20240310,20240310,20240310,cancelled_driver,0.22,1.5,0.99,,0.0
1255,160,33,2,1,2024-02-06,20240206,20240206,20240206,completed,4.27,2.43,31.13,,0.0
1256,179,24,3,9,2024-01-31,20240131,20240131,20240131,completed,9.6,1.5,43.2,1.0,3.54
1257,58,23,3,1,2024-02-10,20240210,20240210,20240210,completed,2.54,1.85,14.1,,0.0
1258,26,15,1,5,2024-03-02,20240302,20240302,20240302,completed,1.8,1.61,8.69,,0.0
1259,174,27,1,10,2024-02-27,20240227,20240227,20240227,completed,7.94,1.59,37.87,,0.0
1260,29,11,3,9,2024-01-14,20240114,20240114,20240114,completed,2.05,1.29,7.93,,0.0
1261,4,50,2,4,2024-02-05,20240205,20240205,20240205,completed,0.02,1.81,0.11,2.0,4.89
1262,99,17,1,8,2024-02-05,20240205,20240205,20240205,cancelled_driver,16.04,2.27,109.23,,0.0
1263,141,14,3,6,2024-03-19,20240319,20240319,20240319,completed,4.48,1.07,14.38,2.0,2.57
1264,39,27,1,3,2024-01-08,20240108,20240108,20240108,completed,8.56,2.33,59.83,,0.0
1265,15,18,1,4,2024-01-26,20240126,20240126,20240126,cancelled_user,8.72,2.0,52.32,,0.0
1266,119,28,1,2,2024-02-05,20240205,20240205,20240205,completed,0.34,1.93,1.97,2.0,1.97
1267,29,47,3,1,2024-02-17,20240217,20240217,20240217,cancelled_user,0.94,1.94,5.47,,0.0
1268,157,47,2,8,2024-03-25,20240325,20240325,20240325,completed,1.86,1.44,8.04,,0.0
1269,75,4,2,1,2024-01-28,20240128,20240128,20240128,completed,1.93,1.62,9.38,2.0,2.47
1270,116,7,2,1,2024-03-08,20240308,20240308,20240308,cancelled_user,5.38,2.2,35.51,,0.0
1271,32,45,1,4,2024-03-02,20240302,20240302,20240302,cancelled_user,4.88,1.46,21.37,,0.0
1272,130,35,3,10,2024-03-20,20240320,20240320,20240320,cancelled_user,3.41,1.71,17.49,,0.0
1273,175,48,1,10,2024-03-26,20240326,20240326,20240326,completed,1.19,1.03,3.68,1.0,2.3
1274,84,9,2,6,2024-03-16,20240316,20240316,20240316,cancelled_driver,2.41,2.1,15.18,,0.0
1275,22,8,2,9,2024-03-20,20240320,20240320,20240320,cancelled_driver,3.92,1.63,19.17,,0.0
1276,27,45,3,1,2024-02-20,20240220,20240220,20240220,completed,3.16,1.79,16.97,,0.0
1277,195,17,1,7,2024-02-11,20240211,20240211,20240211,completed,0.68,1.17,2.39,,0.0
1278,81,17,2,10,2024-01-29,20240129,20240129,20240129,completed,5.24,2.49,39.14,,0.0
1279,126,49,3,5,2024-03-22,20240322,20240322,20240322,cancelled_driver,0.38,1.45,1.65,,0.0
1280,184,33,1,8,2024-01-10,20240110,20240110,20240110,completed,2.38,1.95,13.92,,0.0
1281,92,32,1,7,2024-02-08,20240208,20240208,20240208,completed,6.19,1.87,34.73,,0.0
1282,21,8,2,4,2024-03-22,20240322,20240322,20240322,completed,0.1,2.18,0.65,1.0,1.01
1283,47,19,2,4,2024-01-01,20240101,20240101,20240101,completed,4.22,1.44,18.23,,0.0
1284,101,38,1,6,2024-02-08,20240208,20240208,20240208,completed,2.04,2.13,13.04,,0.0
1285,187,3,1,6,2024-01-21,20240121,20240121,20240121,completed,0.04,1.57,0.19,,0.0
1286,84,5,2,9,2024-03-05,20240305,20240305,20240305,cancelled_driver,1.06,1.62,5.15,,0.0
1287,6,13,1,5,2024-01-15,20240115,20240115,20240115,completed,14.15,2.01,85.32,,0.0
1288,147,47,2,8,2024-01-04,20240104,20240104,20240104,completed,3.68,2.18,24.07,2.0,2.8
1289,185,46,1,5,2024-02-29,20240229,20240229,20240229,completed,29.44,2.0,176.64,1.0,1.62
1290,197,31,2,2,2024-03-01,20240301,20240301,20240301,completed,3.72,2.35,26.23,2.0,3.95
1291,131,16,3,6,2024-01-20,20240120,20240120,20240120,completed,3.93,1.43,16.86,,0.0
1292,1,50,2,9,2024-01-10,20240110,20240110,20240110,completed,2.49,2.35,17.55,2.0,1.17
1293,58,32,2,3,2024-03-27,20240327,20240327,20240327,completed,1.86,1.2,6.7,,0.0
1294,124,22,3,1,2024-02-03,20240203,20240203,20240203,cancelled_driver,1.45,1.99,8.66,2.0,4.99
1295,166,29,1,1,2024-02-17,20240217,20240217,20240217,completed,2.1,1.82,11.47,,0.0
1296,15,22,3,3,2024-02-02,20240202,20240202,20240202,completed,3.08,1.74,16.08,,0.0
1297,162,43,2,10,2024-03-01,20240301,20240301,20240301,completed,1.07,1.47,4.72,,0.0
1298,189,3,1,5,2024-01-10,20240110,20240110,20240110,completed,1.27,1.76,6.71,2.0,1.89
1299,163,10,3,3,2024-02-23,20240223,20240223,20240223,cancelled_driver,1.58,1.24,5.88,,0.0
1300,64,42,1,9,2024-03-24,20240324,20240324,20240324,completed,2.98,1.55,13.86,1.0,2.21
1301,25,21,1,8,2024-03-05,20240305,20240305,20240305,completed,5.29,1.15,18.25,1.0,3.9
1302,24,16,3,3,2024-03-17,20240317,20240317,20240317,completed,9.69,1.86,54.07,1.0,1.66
1303,12,12,1,9,2024-01-01,20240101,20240101,20240101,completed,1.69,1.14,5.78,1.0,3.1
1304,18,2,3,6,2024-01-05,20240105,20240105,20240105,completed,1.02,1.24,3.79,1.0,2.08
1305,15,41,2,7,2024-03-20,20240320,20240320,20240320,completed,2.38,1.13,8.07,2.0,4.32
1306,27,24,1,4,2024-01-15,20240115,20240115,20240115,completed,11.24,1.57,52.94,1.0,1.03
1307,72,35,2,4,2024-01-28,20240128,20240128,20240128,completed,0.05,2.26,0.34,,0.0
1308,60,30,2,2,2024-01-23,20240123,20240123,20240123,completed,5.66,2.36,40.07,,0.0
1309,174,30,1,5,2024-01-17,20240117,20240117,20240117,cancelled_user,3.24,1.11,10.79,,0.0
1310,145,47,3,8,2024-01-13,20240113,20240113,20240113,completed,0.88,1.95,5.15,1.0,2.87
1311,93,35,1,7,2024-01-14,20240114,20240114,20240114,completed,1.94,2.03,11.81,,0.0
1312,53,19,2,7,2024-01-11,20240111,20240111,20240111,completed,1.27,1.8,6.86,,0.0
1313,8,50,2,6,2024-01-28,20240128,20240128,20240128,completed,10.51,2.0,63.06,1.0,3.5
1314,79,8,3,3,2024-02-11,20240211,20240211,20240211,completed,3.29,1.35,13.32,,0.0
1315,27,26,1,5,2024-03-01,20240301,20240301,20240301,completed,4.14,1.73,21.49,,0.0
1316,174,49,2,1,2024-03-04,20240304,20240304,20240304,completed,4.5,1.59,21.46,,0.0
1317,50,40,2,7,2024-01-31,20240131,20240131,20240131,completed,5.1,1.13,17.29,,0.0
1318,199,7,2,9,2024-03-21,20240321,20240321,20240321,completed,3.42,1.94,19.9,,0.0
1319,131,30,3,1,2024-03-13,20240313,20240313,20240313,completed,0.09,1.74,0.47,,0.0
1320,93,7,2,2,2024-01-10,20240110,20240110,20240110,cancelled_user,2.04,1.41,8.63,2.0,2.53
1321,192,3,2,3,2024-01-08,20240108,20240108,20240108,completed,1.02,1.71,5.23,1.0,4.95
1322,172,1,1,3,2024-01-21,20240121,20240121,20240121,completed,5.7,2.16,36.94,,0.0
1323,181,36,1,8,2024-03-17,20240317,20240317,20240317,completed,0.29,2.2,1.91,1.0,2.16
1324,24,25,2,7,2024-02-28,20240228,20240228,20240228,completed,4.15,1.97,24.53,1.0,1.23
1325,60,37,2,6,2024-02-19,20240219,20240219,20240219,completed,1.18,1.7,6.02,2.0,1.18
1326,122,1,1,10,2024-03-09,20240309,20240309,20240309,completed,14.86,1.86,82.92,,0.0
1327,131,15,3,10,2024-03-10,20240310,20240310,20240310,cancelled_user,2.04,1.58,9.67,1.0,1.93
1328,148,37,3,4,2024-01-30,20240130,20240130,20240130,cancelled_user,1.97,1.19,7.03,2.0,2.66
1329,46,13,3,9,2024-01-17,20240117,20240117,20240117,completed,12.84,1.58,60.86,,0.0
1330,15,40,3,1,2024-03-15,20240315,20240315,20240315,completed,2.7,1.8,14.58,,0.0
1331,153,8,3,2,2024-01-20,20240120,20240120,20240120,completed,16.47,1.9,93.88,1.0,1.85
1332,199,5,3,4,2024-02-17,20240217,20240217,20240217,completed,0.12,2.4,0.86,,0.0
1333,17,9,3,3,2024-03-13,20240313,20240313,20240313,completed,1.83,2.17,11.91,,0.0
1334,126,1,3,1,2024-01-02,20240102,20240102,20240102,completed,5.49,1.23,20.26,,0.0
1335,84,36,1,5,2024-02-06,20240206,20240206,20240206,completed,11.08,1.26,41.88,1.0,2.87
1336,9,35,3,7,2024-01-01,20240101,20240101,20240101,completed,1.48,1.15,5.11,,0.0
1337,166,2,3,2,2024-01-04,20240104,20240104,20240104,completed,13.33,2.11,84.38,,0.0
1338,176,40,3,5,2024-02-23,20240223,20240223,20240223,cancelled_user,4.51,2.06,27.87,2.0,2.03
1339,188,23,2,6,2024-01-25,20240125,20240125,20240125,completed,8.07,2.48,60.04,2.0,2.41
1340,63,9,1,7,2024-01-03,20240103,20240103,20240103,cancelled_driver,2.53,1.78,13.51,1.0,1.86
1341,117,34,1,1,2024-01-09,20240109,20240109,20240109,completed,1.19,2.24,8.0,,0.0
1342,130,46,1,7,2024-03-26,20240326,20240326,20240326,completed,12.11,1.86,67.57,1.0,3.79
1343,88,14,3,4,2024-03-27,20240327,20240327,20240327,completed,13.53,2.31,93.76,,0.0
1344,72,4,3,8,2024-03-16,20240316,20240316,20240316,completed,3.44,2.08,21.47,2.0,2.02
1345,139,30,2,4,2024-03-14,20240314,20240314,20240314,cancelled_user,0.03,1.96,0.18,,0.0
1346,64,31,1,6,2024-02-03,20240203,20240203,20240203,completed,0.58,1.85,3.22,,0.0
1347,72,38,3,9,2024-02-12,20240212,20240212,20240212,cancelled_driver,4.26,2.08,26.58,1.0,1.6
1348,21,11,1,5,2024-03-14,20240314,20240314,20240314,completed,0.12,1.63,0.59,,0.0
1349,18,35,2,4,2024-01-22,20240122,20240122,20240122,cancelled_user,2.53,1.14,8.65,2.0,3.39
1350,64,8,2,8,2024-03-10,20240310,20240310,20240310,completed,1.81,1.06,5.76,1.0,1.57
1351,82,3,2,9,2024-01-02,20240102,20240102,20240102,completed,6.26,1.72,32.3,,0.0
1352,110,14,1,4,2024-03-06,20240306,20240306,20240306,completed,0.29,1.9,1.65,1.0,4.45
1353,95,13,3,3,2024-02-01,20240201,20240201,20240201,completed,3.35,1.12,11.26,,0.0
1354,166,45,3,8,2024-01-16,20240116,20240116,20240116,completed,4.33,1.43,18.58,2.0,2.8
1355,32,32,2,5,2024-03-16,20240316,20240316,20240316,completed,4.8,1.48,21.31,1.0,1.91
1356,11,34,3,2,2024-01-01,20240101,20240101,20240101,cancelled_user,2.6,1.84,14.35,,0.0
1357,45,45,2,10,2024-03-12,20240312,20240312,20240312,completed,1.81,1.42,7.71,,0.0
1358,33,19,1,9,2024-02-17,20240217,20240217,20240217,cancelled_driver,5.74,1.14,19.63,2.0,4.82
1359,102,38,2,3,2024-02-19,20240219,20240219,20240219,cancelled_user,9.41,1.25,35.29,,0.0
1360,169,16,1,2,2024-01-13,20240113,20240113,20240113,completed,5.91,1.26,22.34,2.0,4.16
1361,136,2,2,1,2024-01-15,20240115,20240115,20240115,cancelled_user,13.45,2.26,91.19,,0.0
1362,11,40,3,8,2024-02-22,20240222,20240222,20240222,completed,6.32,1.43,27.11,2.0,4.25
1363,179,17,3,3,2024-02-13,20240213,20240213,20240213,cancelled_user,7.23,2.07,44.9,2.0,4.44
1364,88,34,2,7,2024-01-08,20240108,20240108,20240108,completed,0.92,1.85,5.11,,0.0
1365,41,42,3,1,2024-03-14,20240314,20240314,20240314,completed,2.72,2.47,20.16,1.0,4.61
1366,145,16,3,1,2024-02-15,20240215,20240215,20240215,completed,3.32,1.41,14.04,2.0,1.67
1367,76,38,3,9,2024-03-09,20240309,20240309,20240309,completed,1.48,1.24,5.51,2.0,2.91
1368,121,2,1,8,2024-01-19,20240119,20240119,20240119,completed,3.76,1.08,12.18,,0.0
1369,46,2,3,3,2024-02-07,20240207,20240207,20240207,completed,1.72,1.36,7.02,,0.0
1370,160,26,1,6,2024-01-11,20240111,20240111,20240111,completed,5.82,2.03,35.44,,0.0
1371,80,13,2,3,2024-02-12,20240212,20240212,20240212,cancelled_user,3.18,1.13,10.78,,0.0
1372,54,47,3,4,2024-01-20,20240120,20240120,20240120,completed,3.07,1.37,12.62,,0.0
1373,86,31,3,1,2024-01-20,20240120,20240120,20240120,completed,20.57,2.28,140.7,,0.0
1374,92,34,3,5,2024-01-21,20240121,20240121,20240121,completed,2.49,1.87,13.97,2.0,4.57
1375,148,39,2,1,2024-03-22,20240322,20240322,20240322,completed,2.25,1.1,7.43,,0.0
1376,161,3,1,1,2024-02-26,20240226,20240226,20240226,cancelled_driver,1.92,1.07,6.16,1.0,3.28
1377,168,8,1,10,2024-02-19,20240219,20240219,20240219,completed,11.26,1.09,36.82,2.0,3.01
1378,160,23,3,7,2024-03-14,20240314,20240314,20240314,completed,3.43,2.41,24.8,,0.0
1379,97,14,2,6,2024-01-26,20240126,20240126,20240126,completed,4.58,2.27,31.19,,0.0
1380,2,27,2,2,2024-01-30,20240130,20240130,20240130,completed,1.0,2.27,6.81,1.0,1.68
1381,33,29,2,2,2024-03-13,20240313,20240313,20240313,cancelled_user,3.89,2.39,27.89,1.0,3.75
1382,158,39,2,7,2024-01-31,20240131,20240131,20240131,completed,1.61,1.76,8.5,,0.0
1383,161,39,2,1,2024-02-11,20240211,20240211,20240211,cancelled_driver,6.56,1.37,26.96,,0.0
1384,77,1,1,2,2024-03-08,20240308,20240308,20240308,completed,8.93,1.6,42.86,,0.0
1385,116,17,1,8,2024-03-01,20240301,20240301,20240301,cancelled_driver,6.27,2.08,39.12,2.0,4.06
1386,154,41,1,6,2024-03-01,20240301,20240301,20240301,completed,6.55,2.31,45.39,,0.0
1387,150,30,3,2,2024-03-10,20240310,20240310,20240310,cancelled_user,3.59,1.65,17.77,2.0,3.48
1388,103,13,2,7,2024-03-18,20240318,20240318,20240318,cancelled_user,6.23,1.8,33.64,,0.0
1389,194,21,3,4,2024-03-08,20240308,20240308,20240308,cancelled_driver,2.75,2.4,19.8,,0.0
1390,166,19,2,2,2024-03-30,20240330,20240330,20240330,completed,5.27,1.16,18.34,1.0,3.47
1391,103,19,1,6,2024-01-17,20240117,20240117,20240117,completed,1.5,2.29,10.3,2.0,2.58
1392,90,25,3,9,2024-01-19,20240119,20240119,20240119,completed,0.36,1.24,1.34,,0.0
1393,174,22,1,9,2024-02-20,20240220,20240220,20240220,completed,2.67,1.73,13.86,,0.0
1394,122,31,2,8,2024-03-10,20240310,20240310,20240310,completed,3.1,1.33,12.37,1.0,3.72
1395,143,17,2,3,2024-03-03,20240303,20240303,20240303,completed,1.48,1.9,8.44,,0.0
1396,106,23,2,3,2024-03-15,20240315,20240315,20240315,completed,6.5,1.84,35.88,2.0,3.81
1397,119,32,1,2,2024-03-20,20240320,20240320,20240320,completed,0.38,1.57,1.79,,0.0
1398,172,10,2,5,2024-01-30,20240130,20240130,20240130,completed,1.26,2.29,8.66,1.0,3.05
1399,49,10,1,4,2024-01-25,20240125,20240125,20240125,completed,6.9,1.99,41.19,,0.0
1400,104,36,3,7,2024-03-15,20240315,20240315,20240315,completed,2.87,2.08,17.91,1.0,2.99
1401,61,8,2,4,2024-03-11,20240311,20240311,20240311,completed,6.11,1.23,22.55,,0.0
1402,195,20,2,9,2024-01-26,20240126,20240126,20240126,completed,4.19,2.32,29.16,,0.0
1403,123,32,2,2,2024-02-25,20240225,20240225,20240225,completed,15.05,1.25,56.44,1.0,1.68
1404,134,50,3,6,2024-01-22,20240122,20240122,20240122,cancelled_user,4.55,1.33,18.15,,0.0
1405,9,14,2,7,2024-03-29,20240329,20240329,20240329,cancelled_driver,0.07,1.19,0.25,1.0,3.21
1406,6,50,1,4,2024-01-19,20240119,20240119,20240119,cancelled_driver,2.18,1.66,10.86,,0.0
1407,73,28,1,6,2024-01-31,20240131,20240131,20240131,cancelled_user,0.77,2.33,5.38,2.0,3.88
1408,103,46,2,7,2024-01-26,20240126,20240126,20240126,completed,12.93,1.38,53.53,,0.0
1409,160,24,2,4,2024-02-11,20240211,20240211,20240211,completed,0.55,1.56,2.57,,0.0
1410,41,15,3,8,2024-02-10,20240210,20240210,20240210,completed,2.45,2.27,16.68,2.0,3.07
1411,114,22,3,9,2024-01-23,20240123,20240123,20240123,completed,1.28,1.93,7.41,1.0,4.36
1412,8,30,3,1,2024-02-16,20240216,20240216,20240216,completed,9.38,2.13,59.94,,0.0
1413,72,4,2,7,2024-01-13,20240113,20240113,20240113,completed,1.84,1.32,7.29,,0.0
1414,178,13,3,9,2024-03-29,20240329,20240329,20240329,completed,24.08,2.07,149.54,,0.0
1415,92,23,3,10,2024-03-06,20240306,20240306,20240306,completed,0.2,1.34,0.8,1.0,3.31
1416,62,8,1,5,2024-03-06,20240306,20240306,20240306,completed,0.69,2.48,5.13,2.0,1.5
1417,84,18,3,2,2024-01-16,20240116,20240116,20240116,completed,1.27,1.84,7.01,,0.0
1418,62,12,1,10,2024-03-13,20240313,20240313,20240313,completed,8.33,2.04,50.98,,0.0
1419,111,31,1,6,2024-01-28,20240128,20240128,20240128,completed,10.54,1.18,37.31,,0.0
1420,127,14,3,7,2024-03-17,20240317,20240317,20240317,completed,0.37,1.38,1.53,2.0,1.6
1421,7,34,1,2,2024-02-04,20240204,20240204,20240204,completed,0.16,1.21,0.58,2.0,1.23
1422,84,18,2,2,2024-02-10,20240210,20240210,20240210,cancelled_user,6.82,1.59,32.53,1.0,4.49
1423,132,34,2,10,2024-03-17,20240317,20240317,20240317,completed,0.72,1.43,3.09,,0.0
1424,134,11,3,10,2024-01-31,20240131,20240131,20240131,completed,0.71,2.1,4.47,1.0,2.16
1425,58,41,2,1,2024-03-25,20240325,20240325,20240325,completed,0.11,1.16,0.38,,0.0
1426,22,12,1,4,2024-02-01,20240201,20240201,20240201,completed,0.26,2.13,1.66,,0.0
1427,154,49,2,7,2024-02-23,20240223,20240223,20240223,completed,1.53,1.07,4.91,2.0,3.06
1428,127,15,3,9,2024-03-12,20240312,20240312,20240312,completed,0.34,1.3,1.33,2.0,1.83
1429,3,31,3,3,2024-02-28,20240228,20240228,20240228,completed,2.3,2.19,15.11,,0.0
1430,127,49,1,7,2024-02-10,20240210,20240210,20240210,cancelled_user,8.94,2.11,56.59,2.0,3.89
1431,41,29,3,7,2024-03-06,20240306,20240306,20240306,cancelled_user,1.98,1.71,10.16,2.0,2.5
1432,188,26,2,7,2024-02-23,20240223,20240223,20240223,completed,6.51,1.07,20.9,2.0,3.34
1433,106,18,3,2,2024-02-09,20240209,20240209,20240209,completed,0.49,1.91,2.81,,0.0
1434,14,32,1,6,2024-01-28,20240128,20240128,20240128,completed,5.38,1.61,25.99,,0.0
1435,12,22,3,2,2024-02-06,20240206,20240206,20240206,completed,1.9,1.47,8.38,,0.0
1436,87,38,2,6,2024-03-05,20240305,20240305,20240305,completed,6.93,1.96,40.75,,0.0
1437,12,17,1,10,2024-03-14,20240314,20240314,20240314,cancelled_user,0.73,1.65,3.61,,0.0
1438,141,23,2,3,2024-02-24,20240224,20240224,20240224,completed,11.41,1.14,39.02,,0.0
1439,25,24,1,2,2024-01-04,20240104,20240104,20240104,cancelled_user,1.39,2.37,9.88,,0.0
1440,45,50,3,6,2024-01-10,20240110,20240110,20240110,completed,2.18,2.17,14.19,,0.0
1441,122,8,1,2,2024-02-16,20240216,20240216,20240216,completed,15.0,1.08,48.6,1.0,2.06
1442,147,41,1,5,2024-03-15,20240315,20240315,20240315,completed,4.32,1.79,23.2,,0.0
1443,55,6,3,2,2024-01-14,20240114,20240114,20240114,cancelled_user,2.28,1.13,7.73,,0.0
1444,100,5,2,3,2024-02-07,20240207,20240207,20240207,cancelled_user,14.94,2.26,101.29,2.0,4.38
1445,173,44,3,3,2024-01-12,20240112,20240112,20240112,completed,2.0,1.92,11.52,,0.0
1446,136,29,1,6,2024-02-14,20240214,20240214,20240214,completed,0.5,1.26,1.89,2.0,1.93
1447,119,28,3,6,2024-01-17,20240117,20240117,20240117,completed,28.8,1.03,88.99,2.0,3.51
1448,53,11,1,10,2024-03-20,20240320,20240320,20240320,cancelled_user,1.56,1.05,4.91,,0.0
1449,183,1,3,3,2024-02-04,20240204,20240204,20240204,cancelled_user,9.53,1.76,50.32,2.0,1.73
1450,32,43,3,3,2024-03-06,20240306,20240306,20240306,completed,0.9,2.1,5.67,,0.0
1451,51,19,2,1,2024-03-15,20240315,20240315,20240315,completed,6.57,1.18,23.26,1.0,2.91
1452,44,9,1,7,2024-02-10,20240210,20240210,20240210,completed,3.72,1.33,14.84,1.0,4.2
1453,82,27,2,8,2024-03-07,20240307,20240307,20240307,completed,19.79,1.49,88.46,,0.0
1454,198,34,1,2,2024-01-29,20240129,20240129,20240129,completed,4.02,1.33,16.04,,0.0
1455,146,44,3,4,2024-01-18,20240118,20240118,20240118,completed,0.13,1.59,0.62,1.0,3.79
1456,150,4,1,10,2024-01-20,20240120,20240120,20240120,cancelled_user,4.63,1.84,25.56,,0.0
1457,37,36,2,7,2024-01-14,20240114,20240114,20240114,completed,0.79,2.03,4.81,,0.0
1458,96,18,2,8,2024-02-03,20240203,20240203,20240203,cancelled_driver,8.01,2.45,58.87,1.0,2.84
1459,56,15,2,1,2024-02-18,20240218,20240218,20240218,completed,9.71,2.4,69.91,2.0,1.92
1460,105,13,1,4,2024-02-23,20240223,20240223,20240223,completed,3.29,1.86,18.36,,0.0
1461,59,19,2,6,2024-01-31,20240131,20240131,20240131,completed,7.64,2.1,48.13,,0.0
1462,131,49,2,3,2024-02-27,20240227,20240227,20240227,completed,0.78,2.43,5.69,1.0,1.8
1463,156,6,2,5,2024-02-11,20240211,20240211,20240211,completed,3.39,1.13,11.49,1.0,4.17
1464,35,48,3,10,2024-02-27,20240227,20240227,20240227,completed,2.5,1.01,7.58,,0.0
1465,189,12,3,9,2024-03-22,20240322,20240322,20240322,completed,4.72,1.04,14.73,2.0,4.98
1466,93,37,1,3,2024-01-30,20240130,20240130,20240130,completed,0.23,1.85,1.28,,0.0
1467,182,17,1,5,2024-01-25,20240125,20240125,20240125,completed,6.97,2.14,44.75,,0.0
1468,191,23,2,8,2024-03-03,20240303,20240303,20240303,completed,0.41,1.55,1.91,2.0,1.3
1469,97,26,3,6,2024-01-19,20240119,20240119,20240119,completed,5.34,1.82,29.16,,0.0
1470,135,29,2,4,2024-03-12,20240312,20240312,20240312,completed,0.09,1.77,0.48,,0.0
1471,76,33,2,8,2024-01-08,20240108,20240108,20240108,completed,8.92,1.14,30.51,,0.0
1472,49,27,3,3,2024-01-03,20240103,20240103,20240103,completed,0.96,1.48,4.26,,0.0
1473,94,25,3,3,2024-03-07,20240307,20240307,20240307,cancelled_user,3.62,1.03,11.19,,0.0
1474,159,10,3,4,2024-03-26,20240326,20240326,20240326,completed,1.52,1.17,5.34,,0.0
1475,186,47,1,9,2024-03-21,20240321,20240321,20240321,completed,6.41,2.22,42.69,,0.0
1476,189,23,1,5,2024-01-17,20240117,20240117,20240117,completed,1.94,2.24,13.04,,0.0
1477,24,21,2,8,2024-01-14,20240114,20240114,20240114,completed,6.45,2.2,42.57,,0.0
1478,148,21,1,6,2024-01-09,20240109,20240109,20240109,cancelled_user,1.68,2.09,10.53,2.0,2.96
1479,37,43,3,3,2024-03-02,20240302,20240302,20240302,completed,6.98,2.19,45.86,1.0,1.62
1480,4,13,3,8,2024-01-21,20240121,20240121,20240121,completed,0.16,2.01,0.96,1.0,1.97
1481,108,37,1,9,2024-03-16,20240316,20240316,20240316,completed,1.67,2.0,10.02,,0.0
1482,126,33,2,8,2024-02-06,20240206,20240206,20240206,completed,3.45,2.0,20.7,,0.0
1483,20,24,2,4,2024-01-11,20240111,20240111,20240111,completed,0.23,1.77,1.22,,0.0
1484,188,44,1,6,2024-01-20,20240120,20240120,20240120,completed,1.03,1.55,4.79,2.0,2.91
1485,152,11,2,1,2024-02-04,20240204,20240204,20240204,completed,13.63,2.1,85.87,,0.0
1486,50,17,2,4,2024-02-22,20240222,20240222,20240222,cancelled_user,18.83,1.45,81.91,1.0,3.64
1487,177,4,2,8,2024-02-16,20240216,20240216,20240216,completed,6.73,1.81,36.54,,0.0
1488,179,47,3,1,2024-03-15,20240315,20240315,20240315,completed,1.45,1.65,7.18,2.0,2.42
1489,96,25,3,3,2024-02-21,20240221,20240221,20240221,completed,1.51,1.41,6.39,,0.0
1490,105,30,1,1,2024-01-08,20240108,20240108,20240108,completed,5.19,2.46,38.3,,0.0
1491,164,9,3,9,2024-01-04,20240104,20240104,20240104,completed,0.63,1.39,2.63,,0.0
1492,117,21,2,2,2024-01-27,20240127,20240127,20240127,completed,14.81,1.46,64.87,,0.0
1493,98,20,3,9,2024-02-13,20240213,20240213,20240213,completed,1.27,1.24,4.72,,0.0
1494,66,19,1,4,2024-02-09,20240209,20240209,20240209,cancelled_user,39.59,2.23,264.86,2.0,2.48
1495,79,19,3,2,2024-02-16,20240216,20240216,20240216,cancelled_user,3.42,1.88,19.29,,0.0
1496,162,12,2,4,2024-02-13,20240213,20240213,20240213,completed,7.38,1.92,42.51,,0.0
1497,164,37,2,10,2024-02-17,20240217,20240217,20240217,completed,0.01,2.23,0.07,,0.0
1498,6,42,1,6,2024-03-31,20240331,20240331,20240331,completed,10.98,1.51,49.74,,0.0
1499,39,17,3,7,2024-03-25,20240325,20240325,20240325,completed,1.57,1.29,6.08,,0.0
1500,170,37,3,3,2024-02-21,20240221,20240221,20240221,completed,5.51,1.3,21.49,,0.0
1501,115,48,3,3,2024-03-24,20240324,20240324,20240324,completed,8.21,2.1,51.72,,0.0
1502,186,39,2,10,2024-03-08,20240308,20240308,20240308,completed,0.9,1.92,5.18,,0.0
1503,125,28,1,8,2024-01-11,20240111,20240111,20240111,completed,2.92,1.31,11.48,,0.0
1504,12,41,3,5,2024-03-17,20240317,20240317,20240317,completed,3.4,1.22,12.44,,0.0
1505,131,35,2,4,2024-03-13,20240313,20240313,20240313,cancelled_user,1.87,1.18,6.62,,0.0
1506,18,47,2,7,2024-01-04,20240104,20240104,20240104,completed,3.29,1.94,19.15,,0.0
1507,40,48,2,7,2024-03-16,20240316,20240316,20240316,completed,1.91,1.0,5.73,2.0,1.71
1508,21,18,3,9,2024-03-13,20240313,20240313,20240313,completed,2.24,1.03,6.92,1.0,2.45
1509,143,14,3,9,2024-03-17,20240317,20240317,20240317,completed,5.53,1.58,26.21,2.0,2.17
1510,99,35,3,5,2024-02-17,20240217,20240217,20240217,completed,5.01,2.04,30.66,,0.0
1511,26,44,3,8,2024-01-26,20240126,20240126,20240126,completed,1.32,2.04,8.08,,0.0
1512,8,41,3,10,2024-03-17,20240317,20240317,20240317,completed,11.39,1.65,56.38,,0.0
1513,100,7,3,1,2024-02-08,20240208,20240208,20240208,completed,9.93,2.04,60.77,,0.0
1514,87,41,3,9,2024-02-27,20240227,20240227,20240227,completed,3.56,1.78,19.01,2.0,3.06
1515,42,13,3,8,2024-01-19,20240119,20240119,20240119,cancelled_driver,2.84,2.47,21.04,,0.0
1516,172,18,3,6,2024-03-28,20240328,20240328,20240328,completed,2.36,1.24,8.78,,0.0
1517,14,37,2,3,2024-03-23,20240323,20240323,20240323,completed,6.14,1.9,35.0,,0.0
1518,78,13,3,3,2024-03-17,20240317,20240317,20240317,completed,5.57,1.74,29.08,1.0,1.38
1519,2,36,1,8,2024-03-17,20240317,20240317,20240317,completed,1.09,1.29,4.22,,0.0
1520,119,31,2,5,2024-02-27,20240227,20240227,20240227,completed,5.57,2.12,35.43,2.0,2.12
1521,37,2,3,10,2024-01-28,20240128,20240128,20240128,completed,1.45,1.41,6.13,,0.0
1522,69,16,1,7,2024-03-06,20240306,20240306,20240306,completed,0.09,1.57,0.42,2.0,1.31
1523,166,9,3,5,2024-01-10,20240110,20240110,20240110,completed,6.01,1.56,28.13,,0.0
1524,41,9,1,8,2024-03-26,20240326,20240326,20240326,completed,5.18,1.37,21.29,2.0,3.03
1525,62,38,1,10,2024-03-17,20240317,20240317,20240317,completed,2.65,1.65,13.12,1.0,3.34
1526,60,11,1,10,2024-02-27,20240227,20240227,20240227,completed,3.73,1.71,19.13,,0.0
1527,125,22,1,4,2024-03-13,20240313,20240313,20240313,completed,14.7,2.12,93.49,,0.0
1528,111,33,2,2,2024-01-14,20240114,20240114,20240114,completed,4.52,2.15,29.15,,0.0
1529,14,36,2,3,2024-03-24,20240324,20240324,20240324,completed,5.36,1.24,19.94,2.0,3.15
1530,84,45,1,8,2024-01-15,20240115,20240115,20240115,completed,0.33,1.89,1.87,1.0,4.33
1531,130,23,3,7,2024-02-02,20240202,20240202,20240202,completed,0.91,2.34,6.39,,0.0
1532,70,45,1,2,2024-01-17,20240117,20240117,20240117,completed,1.79,1.16,6.23,1.0,1.7
1533,145,45,2,6,2024-01-24,20240124,20240124,20240124,completed,3.88,1.71,19.9,2.0,3.21
1534,123,34,3,9,2024-01-30,20240130,20240130,20240130,completed,7.49,2.13,47.86,,0.0
1535,89,9,2,4,2024-03-02,20240302,20240302,20240302,completed,1.94,1.92,11.17,1.0,3.07
1536,28,24,2,9,2024-01-13,20240113,20240113,20240113,completed,2.2,1.15,7.59,1.0,4.33
1537,66,8,3,2,2024-03-02,20240302,20240302,20240302,completed,1.48,1.59,7.06,1.0,4.03
1538,163,7,1,2,2024-02-16,20240216,20240216,20240216,completed,1.47,1.76,7.76,,0.0
1539,5,36,1,9,2024-01-16,20240116,20240116,20240116,completed,14.87,2.49,111.08,2.0,3.59
1540,193,18,1,7,2024-03-06,20240306,20240306,20240306,completed,5.05,1.27,19.24,,0.0
1541,168,3,1,7,2024-03-21,20240321,20240321,20240321,completed,0.85,2.47,6.3,2.0,3.12
1542,184,28,3,1,2024-02-12,20240212,20240212,20240212,completed,6.41,1.56,30.0,,0.0
1543,164,6,3,6,2024-01-08,20240108,20240108,20240108,completed,6.4,1.3,24.96,2.0,3.84
1544,45,44,3,7,2024-01-03,20240103,20240103,20240103,completed,5.49,1.62,26.68,,0.0
1545,151,44,2,6,2024-01-12,20240112,20240112,20240112,completed,0.72,1.92,4.15,,0.0
1546,47,21,3,6,2024-03-24,20240324,20240324,20240324,completed,2.62,1.32,10.38,,0.0
1547,31,28,1,2,2024-01-16,20240116,20240116,20240116,cancelled_driver,0.56,1.44,2.42,,0.0
1548,139,40,2,6,2024-03-18,20240318,20240318,20240318,completed,8.48,2.28,58.0,,0.0
1549,10,1,1,4,2024-03-20,20240320,20240320,20240320,completed,5.32,2.5,39.9,2.0,2.71
1550,195,36,1,9,2024-02-28,20240228,20240228,20240228,completed,3.54,1.48,15.72,,0.0
1551,118,21,3,1,2024-02-18,20240218,20240218,20240218,completed,2.1,1.22,7.69,,0.0
1552,14,43,3,8,2024-03-03,20240303,20240303,20240303,completed,1.02,2.19,6.7,,0.0
1553,80,35,1,5,2024-03-02,20240302,20240302,20240302,cancelled_user,0.56,1.9,3.19,2.0,1.27
1554,93,13,1,1,2024-02-18,20240218,20240218,20240218,completed,17.41,1.15,60.06,,0.0
1555,10,49,2,4,2024-02-20,20240220,20240220,20240220,completed,1.11,2.42,8.06,,0.0
1556,76,10,3,1,2024-02-02,20240202,20240202,20240202,completed,0.31,1.12,1.04,,0.0
1557,94,44,2,6,2024-01-30,20240130,20240130,20240130,completed,16.31,1.94,94.92,2.0,4.09
1558,105,47,2,2,2024-02-28,20240228,20240228,20240228,completed,3.98,1.64,19.58,,0.0
1559,1,10,2,5,2024-03-16,20240316,20240316,20240316,completed,7.96,1.83,43.7,,0.0
1560,133,46,1,7,2024-01-15,20240115,20240115,20240115,completed,0.22,1.32,0.87,,0.0
1561,20,13,2,2,2024-03-22,20240322,20240322,20240322,completed,4.18,2.03,25.46,,0.0
1562,8,37,2,6,2024-01-23,20240123,20240123,20240123,completed,2.54,2.44,18.59,,0.0
1563,171,38,1,6,2024-03-18,20240318,20240318,20240318,completed,7.39,1.69,37.47,,0.0
1564,1,24,3,5,2024-02-14,20240214,20240214,20240214,completed,0.2,1.78,1.07,,0.0
1565,57,2,3,5,2024-03-02,20240302,20240302,20240302,completed,2.57,1.36,10.49,,0.0
1566,64,22,2,3,2024-03-19,20240319,20240319,20240319,completed,8.02,2.34,56.3,,0.0
1567,118,17,1,10,2024-03-11,20240311,20240311,20240311,completed,3.7,2.46,27.31,2.0,1.28
1568,28,36,3,10,2024-01-15,20240115,20240115,20240115,completed,3.99,2.18,26.09,2.0,2.51
1569,121,14,2,2,2024-02-15,20240215,20240215,20240215,completed,0.51,1.81,2.77,,0.0
1570,107,10,2,7,2024-03-04,20240304,20240304,20240304,completed,0.71,2.44,5.2,,0.0
1571,165,35,1,1,2024-02-15,20240215,20240215,20240215,completed,5.65,1.23,20.85,2.0,1.57
1572,175,25,2,6,2024-02-25,20240225,20240225,20240225,cancelled_driver,5.62,1.72,29.0,2.0,4.54
1573,165,3,3,6,2024-02-13,20240213,20240213,20240213,completed,19.34,1.81,105.02,,0.0
1574,49,47,1,3,2024-03-15,20240315,20240315,20240315,completed,6.22,1.74,32.47,1.0,4.79
1575,120,38,3,2,2024-01-29,20240129,20240129,20240129,completed,3.4,2.2,22.44,,0.0
1576,44,17,3,2,2024-03-02,20240302,20240302,20240302,completed,9.74,2.01,58.73,,0.0
1577,56,12,3,9,2024-03-29,20240329,20240329,20240329,completed,0.55,1.19,1.96,2.0,3.78
1578,156,24,2,5,2024-02-21,20240221,20240221,20240221,cancelled_user,2.98,1.52,13.59,,0.0
1579,111,29,2,7,2024-02-23,20240223,20240223,20240223,completed,1.69,1.51,7.66,,0.0
1580,134,43,3,5,2024-03-28,20240328,20240328,20240328,cancelled_driver,0.55,1.85,3.05,,0.0
1581,108,25,3,7,2024-02-26,20240226,20240226,20240226,completed,7.21,1.44,31.15,2.0,1.47
1582,189,36,1,4,2024-03-23,20240323,20240323,20240323,completed,3.57,1.18,12.64,,0.0
1583,148,26,1,8,2024-03-06,20240306,20240306,20240306,completed,4.07,1.98,24.18,,0.0
1584,114,38,2,10,2024-01-22,20240122,20240122,20240122,completed,2.65,2.28,18.13,2.0,1.41
1585,78,1,2,10,2024-01-20,20240120,20240120,20240120,completed,3.08,2.4,22.18,2.0,2.55
1586,130,20,1,7,2024-02-02,20240202,20240202,20240202,cancelled_user,0.62,2.46,4.58,2.0,4.52
1587,37,28,3,10,2024-03-12,20240312,20240312,20240312,completed,5.59,2.17,36.39,1.0,4.92
1588,20,16,2,5,2024-01-25,20240125,20240125,20240125,cancelled_user,2.83,1.21,10.27,2.0,2.57
1589,26,47,3,6,2024-02-15,20240215,20240215,20240215,completed,8.48,2.28,58.0,2.0,4.55
1590,29,17,1,5,2024-03-13,20240313,20240313,20240313,cancelled_user,1.09,1.6,5.23,,0.0
1591,1,40,2,7,2024-02-26,20240226,20240226,20240226,completed,1.15,2.09,7.21,,0.0
1592,119,28,2,2,2024-03-27,20240327,20240327,20240327,completed,5.19,1.8,28.03,2.0,1.18
1593,35,12,1,5,2024-01-05,20240105,20240105,20240105,completed,9.35,2.24,62.83,,0.0
1594,198,27,2,10,2024-02-24,20240224,20240224,20240224,completed,3.2,1.64,15.74,1.0,1.28
1595,59,42,1,3,2024-03-01,20240301,20240301,20240301,completed,6.49,1.09,21.22,,0.0
1596,69,47,2,9,2024-03-29,20240329,20240329,20240329,completed,36.54,1.84,201.7,2.0,3.27
1597,161,30,1,6,2024-01-08,20240108,20240108,20240108,completed,23.16,1.26,87.54,1.0,4.23
1598,179,41,2,10,2024-01-16,20240116,20240116,20240116,cancelled_user,6.82,2.45,50.13,,0.0
1599,12,34,3,3,2024-02-17,20240217,20240217,20240217,completed,6.73,1.79,36.14,1.0,4.74
1600,20,37,3,7,2024-03-01,20240301,20240301,20240301,completed,1.42,1.83,7.8,,0.0
1601,181,6,3,4,2024-01-15,20240115,20240115,20240115,completed,8.96,2.36,63.44,,0.0
1602,43,7,2,3,2024-03-05,20240305,20240305,20240305,cancelled_user,2.6,1.94,15.13,1.0,2.56
1603,126,32,2,8,2024-01-22,20240122,20240122,20240122,completed,16.35,1.45,71.12,,0.0
1604,50,32,3,4,2024-01-03,20240103,20240103,20240103,cancelled_user,0.42,1.44,1.81,,0.0
1605,29,25,3,1,2024-02-23,20240223,20240223,20240223,cancelled_user,2.86,1.75,15.02,2.0,4.95
1606,185,33,1,6,2024-01-14,20240114,20240114,20240114,cancelled_user,4.06,2.3,28.01,2.0,4.05
1607,39,7,1,10,2024-02-05,20240205,20240205,20240205,cancelled_user,2.6,2.19,17.08,1.0,3.3
1608,184,12,1,1,2024-03-22,20240322,20240322,20240322,completed,1.18,2.44,8.64,,0.0
1609,171,16,3,5,2024-03-22,20240322,20240322,20240322,completed,4.49,1.11,14.95,,0.0
1610,178,16,3,7,2024-03-07,20240307,20240307,20240307,completed,7.05,1.4,29.61,1.0,2.13
1611,151,43,3,6,2024-01-10,20240110,20240110,20240110,completed,5.18,1.12,17.4,,0.0
1612,172,36,1,2,2024-02-18,20240218,20240218,20240218,completed,1.34,2.13,8.56,2.0,4.49
1613,38,13,2,4,2024-03-05,20240305,20240305,20240305,completed,6.58,1.21,23.89,2.0,4.88
1614,84,7,3,2,2024-03-31,20240331,20240331,20240331,completed,1.48,1.15,5.11,2.0,2.37
1615,151,36,2,1,2024-02-26,20240226,20240226,20240226,completed,0.96,1.84,5.3,,0.0
1616,128,47,2,3,2024-01-27,20240127,20240127,20240127,completed,5.87,1.62,28.53,1.0,4.41
1617,126,9,2,3,2024-03-15,20240315,20240315,20240315,cancelled_user,9.25,2.07,57.44,,0.0
1618,45,32,1,7,2024-01-05,20240105,20240105,20240105,completed,3.28,1.73,17.02,,0.0
1619,52,11,2,1,2024-03-11,20240311,20240311,20240311,completed,3.79,1.64,18.65,1.0,3.48
1620,80,8,3,9,2024-03-23,20240323,20240323,20240323,completed,1.8,1.64,8.86,2.0,3.34
1621,178,33,1,6,2024-02-26,20240226,20240226,20240226,completed,3.41,2.31,23.63,2.0,3.43
1622,124,23,3,4,2024-01-15,20240115,20240115,20240115,cancelled_user,0.71,1.59,3.39,,0.0
1623,119,25,3,3,2024-03-16,20240316,20240316,20240316,completed,15.6,1.5,70.2,,0.0
1624,8,8,1,3,2024-01-30,20240130,20240130,20240130,completed,8.06,1.51,36.51,2.0,1.68
1625,85,45,3,2,2024-01-20,20240120,20240120,20240120,completed,5.51,1.29,21.32,1.0,2.47
1626,129,22,3,2,2024-02-06,20240206,20240206,20240206,completed,3.86,2.29,26.52,2.0,3.34
1627,8,4,1,10,2024-01-03,20240103,20240103,20240103,completed,7.86,1.22,28.77,1.0,2.13
1628,157,40,3,5,2024-03-13,20240313,20240313,20240313,completed,3.41,2.36,24.14,,0.0
1629,96,3,2,9,2024-02-10,20240210,20240210,20240210,completed,1.78,1.43,7.64,1.0,2.05
1630,102,29,3,2,2024-02-08,20240208,20240208,20240208,cancelled_user,0.87,2.35,6.13,2.0,2.88
1631,5,41,2,2,2024-01-26,20240126,20240126,20240126,completed,5.21,2.19,34.23,,0.0
1632,86,29,3,6,2024-01-02,20240102,20240102,20240102,completed,13.26,1.87,74.39,2.0,1.32
1633,175,34,1,10,2024-01-23,20240123,20240123,20240123,completed,0.83,2.0,4.98,,0.0
1634,34,34,1,2,2024-01-23,20240123,20240123,20240123,completed,0.99,1.49,4.43,1.0,3.28
1635,193,28,3,4,2024-03-25,20240325,20240325,20240325,completed,2.84,1.86,15.85,,0.0
1636,55,13,1,6,2024-01-16,20240116,20240116,20240116,completed,8.22,1.44,35.51,2.0,4.61
1637,119,15,3,5,2024-01-09,20240109,20240109,20240109,cancelled_user,1.74,1.6,8.35,,0.0
1638,171,23,1,1,2024-01-13,20240113,20240113,20240113,completed,1.46,2.15,9.42,2.0,3.06
1639,158,44,2,6,2024-01-28,20240128,20240128,20240128,cancelled_user,4.84,1.37,19.89,,0.0
1640,114,26,3,1,2024-01-27,20240127,20240127,20240127,completed,3.84,2.26,26.04,2.0,1.28
1641,145,4,2,3,2024-02-20,20240220,20240220,20240220,cancelled_driver,0.31,1.56,1.45,,0.0
1642,26,26,2,10,2024-03-04,20240304,20240304,20240304,completed,0.43,1.8,2.32,2.0,4.06
1643,136,40,3,5,2024-02-21,20240221,20240221,20240221,completed,5.15,2.41,37.23,,0.0
1644,47,9,2,10,2024-03-21,20240321,20240321,20240321,completed,3.13,2.02,18.97,,0.0
1645,113,5,3,5,2024-02-07,20240207,20240207,20240207,cancelled_user,17.7,1.97,104.61,,0.0
1646,76,32,2,10,2024-03-05,20240305,20240305,20240305,cancelled_user,5.67,2.07,35.21,,0.0
1647,72,20,3,6,2024-01-18,20240118,20240118,20240118,completed,0.05,2.38,0.36,1.0,2.87
1648,89,50,3,10,2024-03-03,20240303,20240303,20240303,completed,3.28,1.37,13.48,2.0,4.59
1649,46,11,1,8,2024-02-20,20240220,20240220,20240220,completed,2.68,1.92,15.44,,0.0
1650,196,15,3,5,2024-01-09,20240109,20240109,20240109,completed,0.56,1.6,2.69,1.0,3.75
1651,33,32,3,1,2024-01-13,20240113,20240113,20240113,completed,12.83,1.02,39.26,2.0,4.92
1652,1,28,2,5,2024-02-09,20240209,20240209,20240209,cancelled_user,8.17,1.19,29.17,2.0,1.94
1653,147,22,3,3,2024-02-24,20240224,20240224,20240224,completed,1.31,1.49,5.86,2.0,1.67
1654,31,41,1,4,2024-03-19,20240319,20240319,20240319,completed,1.48,1.85,8.21,,0.0
1655,142,17,2,8,2024-02-12,20240212,20240212,20240212,completed,0.16,2.32,1.11,,0.0
1656,53,26,2,7,2024-02-13,20240213,20240213,20240213,completed,1.76,2.19,11.56,,0.0
1657,48,44,1,5,2024-03-08,20240308,20240308,20240308,completed,4.39,1.83,24.1,2.0,3.97
1658,69,7,2,2,2024-02-02,20240202,20240202,20240202,completed,2.73,1.11,9.09,,0.0
1659,105,42,2,6,2024-01-24,20240124,20240124,20240124,completed,17.41,1.43,74.69,,0.0
1660,90,26,2,6,2024-02-05,20240205,20240205,20240205,completed,0.29,1.55,1.35,,0.0
1661,190,25,2,10,2024-01-10,20240110,20240110,20240110,completed,4.48,1.93,25.94,,0.0
1662,194,10,1,10,2024-01-20,20240120,20240120,20240120,completed,9.77,1.1,32.24,,0.0
1663,192,45,1,6,2024-03-15,20240315,20240315,20240315,completed,3.28,1.8,17.71,2.0,3.5
1664,198,19,2,9,2024-01-12,20240112,20240112,20240112,completed,0.01,2.35,0.07,2.0,1.56
1665,63,11,2,8,2024-03-02,20240302,20240302,20240302,cancelled_driver,1.39,2.06,8.59,2.0,4.89
1666,73,13,1,8,2024-01-18,20240118,20240118,20240118,completed,1.96,2.2,12.94,,0.0
1667,161,8,1,1,2024-03-03,20240303,20240303,20240303,completed,16.91,2.02,102.47,,0.0
1668,169,40,1,5,2024-03-24,20240324,20240324,20240324,cancelled_user,12.14,1.31,47.71,,0.0
1669,89,4,2,7,2024-01-25,20240125,20240125,20240125,completed,14.9,1.17,52.3,,0.0
1670,176,47,2,6,2024-01-12,20240112,20240112,20240112,completed,8.74,2.24,58.73,,0.0
1671,13,31,3,5,2024-01-21,20240121,20240121,20240121,cancelled_user,2.17,2.04,13.28,,0.0
1672,73,28,1,8,2024-01-25,20240125,20240125,20240125,cancelled_driver,11.82,1.86,65.96,,0.0
1673,77,11,2,3,2024-01-11,20240111,20240111,20240111,completed,20.0,1.28,76.8,,0.0
1674,159,43,1,6,2024-03-04,20240304,20240304,20240304,completed,2.15,1.91,12.32,,0.0
1675,68,1,2,5,2024-03-13,20240313,20240313,20240313,completed,1.51,1.05,4.76,1.0,4.14
1676,98,49,1,8,2024-02-19,20240219,20240219,20240219,completed,3.96,1.18,14.02,,0.0
1677,125,47,2,4,2024-03-02,20240302,20240302,20240302,completed,1.04,1.47,4.59,,0.0
1678,102,38,3,8,2024-03-29,20240329,20240329,20240329,completed,0.17,1.67,0.85,,0.0
1679,132,24,3,10,2024-02-18,20240218,20240218,20240218,cancelled_user,14.58,1.18,51.61,,0.0
1680,102,47,1,2,2024-01-14,20240114,20240114,20240114,completed,13.0,1.18,46.02,2.0,4.42
1681,19,31,2,9,2024-01-01,20240101,20240101,20240101,completed,0.89,2.09,5.58,1.0,2.92
1682,198,41,2,9,2024-03-21,20240321,20240321,20240321,completed,2.62,1.85,14.54,,0.0
1683,82,46,1,10,2024-01-25,20240125,20240125,20240125,completed,8.89,1.8,48.01,,0.0
1684,141,50,2,10,2024-02-28,20240228,20240228,20240228,completed,5.41,1.68,27.27,2.0,2.99
1685,23,26,1,6,2024-03-12,20240312,20240312,20240312,completed,2.51,2.46,18.52,,0.0
1686,83,49,2,4,2024-03-09,20240309,20240309,20240309,completed,6.82,1.07,21.89,,0.0
1687,109,50,1,4,2024-01-05,20240105,20240105,20240105,completed,11.37,1.27,43.32,,0.0
1688,75,5,2,6,2024-01-19,20240119,20240119,20240119,cancelled_driver,13.03,1.97,77.01,,0.0
1689,129,20,1,5,2024-01-23,20240123,20240123,20240123,completed,2.38,1.2,8.57,1.0,2.24
1690,88,41,2,6,2024-01-09,20240109,20240109,20240109,cancelled_user,0.95,1.88,5.36,,0.0
1691,54,11,3,7,2024-02-19,20240219,20240219,20240219,completed,12.2,1.85,67.71,,0.0
1692,199,33,2,7,2024-01-16,20240116,20240116,20240116,completed,0.49,2.46,3.62,,0.0
1693,89,50,1,9,2024-02-02,20240202,20240202,20240202,completed,6.4,2.33,44.74,,0.0
1694,143,38,3,8,2024-01-02,20240102,20240102,20240102,completed,0.76,2.42,5.52,2.0,4.88
1695,65,27,2,6,2024-01-14,20240114,20240114,20240114,completed,2.47,1.17,8.67,,0.0
1696,76,34,3,6,2024-01-01,20240101,20240101,20240101,completed,2.65,2.3,18.28,,0.0
1697,199,15,2,5,2024-03-30,20240330,20240330,20240330,completed,0.86,1.19,3.07,,0.0
1698,143,32,3,1,2024-02-27,20240227,20240227,20240227,completed,12.8,1.95,74.88,2.0,3.11
1699,149,21,1,9,2024-03-29,20240329,20240329,20240329,completed,0.01,2.08,0.06,,0.0
1700,147,46,2,9,2024-01-16,20240116,20240116,20240116,completed,11.21,1.24,41.7,,0.0
1701,60,5,2,9,2024-03-19,20240319,20240319,20240319,completed,10.76,1.95,62.95,,0.0
1702,93,6,1,8,2024-03-30,20240330,20240330,20240330,completed,1.91,1.08,6.19,2.0,2.39
1703,161,38,3,10,2024-02-16,20240216,20240216,20240216,completed,6.09,1.44,26.31,1.0,2.28
1704,49,22,1,3,2024-02-13,20240213,20240213,20240213,completed,1.46,2.38,10.42,2.0,4.45
1705,35,18,1,1,2024-03-20,20240320,20240320,20240320,completed,7.11,1.26,26.88,,0.0
1706,172,14,3,8,2024-01-14,20240114,20240114,20240114,completed,4.12,1.1,13.6,,0.0
1707,102,10,1,7,2024-01-24,20240124,20240124,20240124,completed,1.78,1.67,8.92,,0.0
1708,11,46,2,5,2024-02-24,20240224,20240224,20240224,completed,2.56,2.28,17.51,,0.0
1709,99,13,2,10,2024-01-15,20240115,20240115,20240115,completed,5.85,1.12,19.66,,0.0
1710,200,31,2,7,2024-03-23,20240323,20240323,20240323,completed,11.83,1.53,54.3,1.0,2.32
1711,110,30,1,10,2024-03-12,20240312,20240312,20240312,cancelled_user,0.7,2.35,4.93,2.0,1.69
1712,74,3,2,4,2024-02-03,20240203,20240203,20240203,completed,4.24,1.18,15.01,,0.0
1713,194,30,2,9,2024-01-02,20240102,20240102,20240102,completed,1.46,1.47,6.44,,0.0
1714,174,6,2,10,2024-01-27,20240127,20240127,20240127,completed,8.08,2.17,52.6,,0.0
1715,9,29,2,2,2024-03-14,20240314,20240314,20240314,completed,0.36,1.81,1.95,,0.0
1716,3,8,2,9,2024-03-27,20240327,20240327,20240327,completed,5.84,2.25,39.42,,0.0
1717,85,44,2,9,2024-03-12,20240312,20240312,20240312,completed,0.96,1.17,3.37,1.0,1.13
1718,26,45,1,5,2024-01-23,20240123,20240123,20240123,completed,4.54,2.38,32.42,,0.0
1719,72,43,2,1,2024-03-08,20240308,20240308,20240308,completed,9.03,2.4,65.02,,0.0
1720,48,44,2,7,2024-01-14,20240114,20240114,20240114,cancelled_driver,7.03,1.23,25.94,,0.0
1721,194,33,3,10,2024-03-03,20240303,20240303,20240303,completed,6.99,1.05,22.02,1.0,4.83
1722,198,17,1,10,2024-03-05,20240305,20240305,20240305,completed,3.65,2.48,27.16,,0.0
1723,156,48,1,4,2024-03-08,20240308,20240308,20240308,completed,11.07,1.72,57.12,2.0,1.85
1724,117,11,1,9,2024-03-03,20240303,20240303,20240303,completed,4.43,1.86,24.72,1.0,3.25
1725,154,13,1,6,2024-03-30,20240330,20240330,20240330,completed,12.48,1.92,71.88,,0.0
1726,153,50,2,3,2024-03-21,20240321,20240321,20240321,completed,3.95,2.18,25.83,1.0,3.36
1727,12,11,2,6,2024-03-27,20240327,20240327,20240327,completed,3.53,2.22,23.51,,0.0
1728,133,31,3,10,2024-03-04,20240304,20240304,20240304,cancelled_user,1.26,1.29,4.88,,0.0
1729,48,28,3,6,2024-02-01,20240201,20240201,20240201,completed,3.93,1.35,15.92,,0.0
1730,37,44,1,5,2024-03-19,20240319,20240319,20240319,completed,0.76,2.32,5.29,,0.0
1731,44,6,3,2,2024-01-13,20240113,20240113,20240113,completed,10.19,2.23,68.17,2.0,3.09
1732,15,41,3,10,2024-03-06,20240306,20240306,20240306,completed,5.63,1.93,32.6,,0.0
1733,43,16,1,10,2024-01-19,20240119,20240119,20240119,completed,25.29,2.49,188.92,,0.0
1734,176,4,1,2,2024-01-24,20240124,20240124,20240124,completed,0.48,2.1,3.02,,0.0
1735,87,35,3,7,2024-03-28,20240328,20240328,20240328,cancelled_user,1.38,1.32,5.46,,0.0
1736,70,48,2,2,2024-01-11,20240111,20240111,20240111,completed,10.48,2.27,71.37,,0.0
1737,46,26,3,6,2024-02-28,20240228,20240228,20240228,completed,2.51,1.62,12.2,2.0,4.91
1738,108,12,3,5,2024-03-26,20240326,20240326,20240326,cancelled_user,3.14,1.05,9.89,1.0,3.05
1739,123,11,2,4,2024-01-15,20240115,20240115,20240115,completed,9.85,1.48,43.73,1.0,3.52
1740,171,37,2,7,2024-01-10,20240110,20240110,20240110,completed,3.69,2.15,23.8,,0.0
1741,21,25,1,8,2024-02-10,20240210,20240210,20240210,completed,1.08,2.44,7.91,,0.0
1742,151,18,1,4,2024-01-27,20240127,20240127,20240127,completed,11.13,1.41,47.08,,0.0
1743,107,19,3,1,2024-02-29,20240229,20240229,20240229,completed,0.16,1.37,0.66,,0.0
1744,80,23,2,1,2024-03-13,20240313,20240313,20240313,completed,11.29,1.85,62.66,,0.0
1745,47,38,1,1,2024-02-21,20240221,20240221,20240221,completed,0.26,2.22,1.73,2.0,3.63
1746,117,18,3,1,2024-01-28,20240128,20240128,20240128,completed,5.48,2.12,34.85,1.0,4.03
1747,124,26,2,5,2024-03-05,20240305,20240305,20240305,completed,0.37,1.84,2.04,,0.0
1748,143,6,3,4,2024-01-17,20240117,20240117,20240117,completed,6.12,1.95,35.8,1.0,2.33
1749,25,4,1,9,2024-02-13,20240213,20240213,20240213,cancelled_user,0.17,1.36,0.69,,0.0
1750,36,44,1,3,2024-01-10,20240110,20240110,20240110,completed,9.24,1.65,45.74,2.0,3.41
1751,51,29,2,7,2024-03-03,20240303,20240303,20240303,cancelled_user,3.14,1.38,13.0,2.0,4.2
1752,15,34,3,8,2024-03-22,20240322,20240322,20240322,completed,0.49,2.33,3.43,,0.0
1753,68,17,2,6,2024-02-16,20240216,20240216,20240216,completed,6.13,1.17,21.52,2.0,1.72
1754,21,43,1,10,2024-02-07,20240207,20240207,20240207,completed,3.36,2.02,20.36,,0.0
1755,141,43,1,1,2024-03-10,20240310,20240310,20240310,completed,1.06,1.39,4.42,,0.0
1756,19,16,3,8,2024-03-16,20240316,20240316,20240316,completed,0.08,1.71,0.41,,0.0
1757,34,2,3,10,2024-02-22,20240222,20240222,20240222,completed,2.71,1.45,11.79,,0.0
1758,78,34,3,3,2024-03-18,20240318,20240318,20240318,completed,0.45,1.48,2.0,,0.0
1759,125,8,2,8,2024-02-13,20240213,20240213,20240213,completed,0.49,1.39,2.04,,0.0
1760,196,13,3,4,2024-03-14,20240314,20240314,20240314,completed,1.56,2.13,9.97,2.0,1.96
1761,117,42,3,8,2024-02-23,20240223,20240223,20240223,completed,4.98,1.55,23.16,1.0,3.17
1762,52,8,1,1,2024-01-20,20240120,20240120,20240120,completed,3.77,2.09,23.64,1.0,3.87
1763,27,30,1,3,2024-03-19,20240319,20240319,20240319,completed,0.36,1.68,1.81,,0.0
1764,157,32,3,6,2024-01-31,20240131,20240131,20240131,cancelled_driver,17.28,1.82,94.35,,0.0
1765,156,36,3,9,2024-01-07,20240107,20240107,20240107,completed,10.91,1.81,59.24,2.0,2.52
1766,35,47,1,2,2024-02-27,20240227,20240227,20240227,completed,1.5,2.46,11.07,,0.0
1767,136,30,3,1,2024-01-10,20240110,20240110,20240110,completed,0.65,1.55,3.02,1.0,4.04
1768,144,1,2,10,2024-01-10,20240110,20240110,20240110,completed,14.27,1.31,56.08,1.0,1.83
1769,106,43,2,3,2024-02-08,20240208,20240208,20240208,completed,3.09,2.37,21.97,,0.0
1770,164,39,2,4,2024-01-28,20240128,20240128,20240128,completed,1.86,1.26,7.03,1.0,1.72
1771,158,17,3,5,2024-01-30,20240130,20240130,20240130,completed,3.37,2.25,22.75,,0.0
1772,146,20,1,3,2024-02-06,20240206,20240206,20240206,completed,7.41,1.23,27.34,,0.0
1773,2,24,3,10,2024-03-07,20240307,20240307,20240307,cancelled_driver,0.92,1.99,5.49,,0.0
1774,177,50,3,2,2024-02-12,20240212,20240212,20240212,cancelled_user,7.29,1.23,26.9,,0.0
1775,77,22,1,2,2024-03-19,20240319,20240319,20240319,completed,6.92,2.38,49.41,,0.0
1776,132,29,1,7,2024-03-25,20240325,20240325,20240325,completed,3.88,1.85,21.53,,0.0
1777,90,22,1,9,2024-02-21,20240221,20240221,20240221,cancelled_user,10.04,1.49,44.88,1.0,3.22
1778,89,44,2,10,2024-02-25,20240225,20240225,20240225,cancelled_driver,0.71,1.21,2.58,,0.0
1779,94,9,3,2,2024-03-16,20240316,20240316,20240316,completed,4.53,1.56,21.2,1.0,2.74
1780,7,37,1,7,2024-03-08,20240308,20240308,20240308,completed,2.98,2.06,18.42,1.0,3.27
1781,95,10,3,7,2024-01-09,20240109,20240109,20240109,cancelled_user,2.74,1.58,12.99,,0.0
1782,108,36,2,7,2024-01-23,20240123,20240123,20240123,completed,1.46,1.37,6.0,,0.0
1783,74,37,2,3,2024-03-03,20240303,20240303,20240303,completed,2.33,1.87,13.07,1.0,3.23
1784,39,28,1,7,2024-03-01,20240301,20240301,20240301,completed,0.57,1.63,2.79,1.0,1.14
1785,141,28,1,1,2024-02-09,20240209,20240209,20240209,cancelled_user,1.45,1.25,5.44,1.0,3.36
1786,159,42,3,10,2024-02-13,20240213,20240213,20240213,cancelled_user,1.59,1.23,5.87,2.0,2.75
1787,71,43,1,1,2024-03-26,20240326,20240326,20240326,completed,6.38,2.06,39.43,,0.0
1788,191,21,3,5,2024-01-24,20240124,20240124,20240124,completed,0.25,2.46,1.84,1.0,4.7
1789,56,24,1,2,2024-02-20,20240220,20240220,20240220,completed,5.27,1.35,21.34,,0.0
1790,170,42,3,9,2024-02-27,20240227,20240227,20240227,cancelled_user,1.25,2.16,8.1,,0.0
1791,189,40,3,7,2024-03-30,20240330,20240330,20240330,completed,0.43,1.13,1.46,,0.0
1792,42,2,3,4,2024-02-02,20240202,20240202,20240202,cancelled_user,1.79,1.57,8.43,,0.0
1793,184,8,3,4,2024-01-16,20240116,20240116,20240116,completed,1.27,1.76,6.71,2.0,2.02
1794,36,48,2,2,2024-01-22,20240122,20240122,20240122,cancelled_user,4.02,1.4,16.88,2.0,1.0
1795,84,27,3,5,2024-02-26,20240226,20240226,20240226,completed,2.21,1.79,11.87,,0.0
1796,196,22,1,4,2024-03-02,20240302,20240302,20240302,completed,16.91,2.32,117.69,1.0,1.18
1797,118,37,2,1,2024-03-22,20240322,20240322,20240322,completed,16.56,2.42,120.23,,0.0
1798,7,27,2,8,2024-03-11,20240311,20240311,20240311,completed,2.93,1.15,10.11,2.0,4.35
1799,54,29,3,3,2024-03-30,20240330,20240330,20240330,cancelled_user,7.93,1.41,33.54,2.0,3.91
1800,129,3,2,6,2024-03-12,20240312,20240312,20240312,completed,0.07,2.47,0.52,2.0,2.41
1801,172,44,3,4,2024-03-10,20240310,20240310,20240310,completed,3.97,1.41,16.79,1.0,4.29
1802,120,13,1,9,2024-01-30,20240130,20240130,20240130,completed,6.8,2.04,41.62,,0.0
1803,173,45,3,7,2024-01-23,20240123,20240123,20240123,cancelled_user,1.22,1.38,5.05,1.0,2.22
1804,106,10,2,9,2024-02-01,20240201,20240201,20240201,completed,0.32,1.53,1.47,,0.0
1805,47,36,1,10,2024-03-26,20240326,20240326,20240326,completed,0.85,1.29,3.29,,0.0
1806,123,9,3,3,2024-02-26,20240226,20240226,20240226,completed,2.92,2.28,19.97,,0.0
1807,141,27,1,1,2024-01-09,20240109,20240109,20240109,completed,3.53,2.32,24.57,,0.0
1808,119,34,1,5,2024-01-31,20240131,20240131,20240131,completed,2.4,1.45,10.44,,0.0
1809,150,1,2,3,2024-03-11,20240311,20240311,20240311,completed,2.9,2.24,19.49,2.0,3.71
1810,118,32,1,6,2024-01-09,20240109,20240109,20240109,completed,3.18,1.54,14.69,,0.0
1811,21,25,2,8,2024-01-13,20240113,20240113,20240113,cancelled_user,7.34,1.15,25.32,1.0,1.07
1812,137,29,1,4,2024-02-27,20240227,20240227,20240227,cancelled_user,0.56,2.14,3.6,,0.0
1813,26,7,3,5,2024-01-03,20240103,20240103,20240103,completed,7.33,1.89,41.56,,0.0
1814,9,49,1,5,2024-02-04,20240204,20240204,20240204,completed,5.83,1.41,24.66,,0.0
1815,15,3,3,4,2024-01-21,20240121,20240121,20240121,completed,6.77,1.38,28.03,2.0,4.82
1816,10,20,3,4,2024-03-04,20240304,20240304,20240304,completed,6.63,2.46,48.93,1.0,2.7
1817,122,20,1,4,2024-02-21,20240221,20240221,20240221,completed,3.18,2.29,21.85,,0.0
1818,121,30,3,4,2024-02-03,20240203,20240203,20240203,cancelled_user,1.19,2.21,7.89,,0.0
1819,125,35,1,4,2024-02-04,20240204,20240204,20240204,completed,3.85,1.19,13.74,1.0,4.2
1820,170,35,1,5,2024-01-15,20240115,20240115,20240115,completed,15.85,2.13,101.28,,0.0
1821,72,49,3,2,2024-01-06,20240106,20240106,20240106,cancelled_user,4.44,1.32,17.58,,0.0
1822,152,39,3,2,2024-03-25,20240325,20240325,20240325,cancelled_user,0.06,2.47,0.44,,0.0
1823,49,27,2,9,2024-02-01,20240201,20240201,20240201,completed,0.31,1.08,1.0,,0.0
1824,154,26,3,2,2024-02-21,20240221,20240221,20240221,completed,24.71,1.53,113.42,1.0,1.55
1825,91,14,2,6,2024-03-23,20240323,20240323,20240323,completed,0.37,1.64,1.82,,0.0
1826,37,17,3,2,2024-01-28,20240128,20240128,20240128,completed,0.24,2.24,1.61,,0.0
1827,68,18,1,5,2024-03-25,20240325,20240325,20240325,completed,2.18,2.15,14.06,1.0,2.14
1828,50,45,3,4,2024-03-04,20240304,20240304,20240304,completed,17.42,1.56,81.53,,0.0
1829,152,29,1,7,2024-03-19,20240319,20240319,20240319,completed,1.92,1.85,10.66,2.0,3.46
1830,19,20,1,7,2024-03-18,20240318,20240318,20240318,cancelled_user,2.64,2.25,17.82,,0.0
1831,100,27,1,6,2024-01-19,20240119,20240119,20240119,completed,5.03,1.03,15.54,1.0,1.16
1832,60,18,2,10,2024-01-15,20240115,20240115,20240115,completed,0.12,2.2,0.79,,0.0
1833,167,4,3,5,2024-01-06,20240106,20240106,20240106,completed,11.4,2.42,82.76,,0.0
1834,89,1,1,1,2024-03-13,20240313,20240313,20240313,completed,3.66,1.05,11.53,,0.0
1835,146,50,1,3,2024-03-24,20240324,20240324,20240324,completed,3.14,1.07,10.08,1.0,1.02
1836,147,1,2,9,2024-02-07,20240207,20240207,20240207,cancelled_user,9.86,1.52,44.96,,0.0
1837,164,26,3,1,2024-01-26,20240126,20240126,20240126,completed,15.3,1.13,51.87,,0.0
1838,183,45,3,5,2024-03-22,20240322,20240322,20240322,completed,2.75,1.72,14.19,2.0,3.22
1839,69,20,2,2,2024-02-20,20240220,20240220,20240220,completed,0.95,2.09,5.96,,0.0
1840,175,23,2,4,2024-03-13,20240313,20240313,20240313,completed,8.46,1.85,46.95,,0.0
1841,49,10,3,1,2024-02-22,20240222,20240222,20240222,completed,2.58,1.29,9.98,,0.0
1842,108,11,2,3,2024-02-25,20240225,20240225,20240225,completed,13.71,1.98,81.44,1.0,2.11
1843,161,41,3,10,2024-02-28,20240228,20240228,20240228,completed,14.97,2.03,91.17,2.0,1.01
1844,119,41,3,7,2024-03-10,20240310,20240310,20240310,completed,0.61,2.4,4.39,1.0,1.48
1845,149,5,1,10,2024-03-18,20240318,20240318,20240318,completed,15.68,1.22,57.39,,0.0
1846,150,1,1,3,2024-02-27,20240227,20240227,20240227,completed,2.3,2.04,14.08,1.0,1.89
1847,176,17,3,4,2024-03-28,20240328,20240328,20240328,cancelled_user,5.2,2.37,36.97,,0.0
1848,37,22,3,2,2024-01-13,20240113,20240113,20240113,cancelled_driver,0.18,1.75,0.94,2.0,1.67
1849,143,34,3,3,2024-02-12,20240212,20240212,20240212,cancelled_user,10.99,1.54,50.77,2.0,4.16
1850,163,45,3,9,2024-03-16,20240316,20240316,20240316,completed,5.13,1.26,19.39,,0.0
1851,199,41,3,3,2024-02-20,20240220,20240220,20240220,completed,5.16,2.3,35.6,,0.0
1852,160,29,3,5,2024-01-19,20240119,20240119,20240119,completed,11.62,1.59,55.43,2.0,2.32
1853,11,4,2,2,2024-01-21,20240121,20240121,20240121,cancelled_user,3.55,2.39,25.45,,0.0
1854,138,5,3,4,2024-03-31,20240331,20240331,20240331,completed,2.64,2.27,17.98,,0.0
1855,78,11,2,7,2024-03-23,20240323,20240323,20240323,completed,10.05,1.56,47.03,,0.0
1856,77,21,2,7,2024-01-24,20240124,20240124,20240124,completed,6.78,1.86,37.83,,0.0
1857,185,35,3,3,2024-01-26,20240126,20240126,20240126,completed,14.88,1.04,46.43,,0.0
1858,153,12,3,5,2024-02-14,20240214,20240214,20240214,completed,14.08,1.39,58.71,2.0,1.83
1859,2,26,2,1,2024-01-28,20240128,20240128,20240128,completed,2.41,2.07,14.97,,0.0
1860,64,19,2,10,2024-03-22,20240322,20240322,20240322,completed,2.96,2.02,17.94,,0.0
1861,35,45,3,10,2024-01-29,20240129,20240129,20240129,completed,1.48,1.53,6.79,,0.0
1862,7,7,3,10,2024-01-17,20240117,20240117,20240117,completed,5.4,2.21,35.8,2.0,2.17
1863,85,47,2,1,2024-03-08,20240308,20240308,20240308,completed,2.27,1.35,9.19,,0.0
1864,146,7,2,5,2024-02-13,20240213,20240213,20240213,cancelled_user,7.71,1.69,39.09,,0.0
1865,67,26,2,10,2024-03-01,20240301,20240301,20240301,completed,0.65,1.71,3.33,1.0,4.63
1866,42,40,1,9,2024-03-08,20240308,20240308,20240308,completed,0.62,1.51,2.81,1.0,1.45
1867,118,5,2,1,2024-03-14,20240314,20240314,20240314,completed,1.14,2.43,8.31,,0.0
1868,125,21,1,1,2024-01-25,20240125,20240125,20240125,completed,0.44,2.05,2.71,1.0,4.73
1869,167,14,3,4,2024-03-07,20240307,20240307,20240307,completed,4.84,1.81,26.28,,0.0
1870,169,4,3,4,2024-01-02,20240102,20240102,20240102,completed,0.8,1.77,4.25,2.0,2.17
1871,24,23,2,2,2024-03-29,20240329,20240329,20240329,completed,0.87,1.24,3.24,1.0,2.22
1872,188,42,3,9,2024-02-18,20240218,20240218,20240218,completed,0.07,1.56,0.33,1.0,1.12
1873,46,20,3,9,2024-03-10,20240310,20240310,20240310,cancelled_user,7.62,2.01,45.95,2.0,1.15
1874,19,15,3,2,2024-01-26,20240126,20240126,20240126,completed,8.36,2.39,59.94,1.0,4.81
1875,68,50,3,9,2024-03-12,20240312,20240312,20240312,completed,0.88,2.22,5.86,,0.0
1876,102,45,1,6,2024-01-27,20240127,20240127,20240127,completed,6.73,1.45,29.28,,0.0
1877,42,29,1,8,2024-03-29,20240329,20240329,20240329,cancelled_user,2.84,1.65,14.06,2.0,2.51
1878,32,8,2,10,2024-01-18,20240118,20240118,20240118,completed,1.37,1.12,4.6,,0.0
1879,167,41,2,4,2024-02-23,20240223,20240223,20240223,completed,4.86,1.15,16.77,,0.0
1880,109,48,2,2,2024-01-01,20240101,20240101,20240101,completed,0.98,1.71,5.03,,0.0
1881,36,19,3,2,2024-03-01,20240301,20240301,20240301,completed,7.07,1.8,38.18,,0.0
1882,97,48,3,9,2024-01-03,20240103,20240103,20240103,completed,0.24,1.4,1.01,,0.0
1883,164,39,1,1,2024-03-08,20240308,20240308,20240308,completed,15.99,1.96,94.02,,0.0
1884,131,46,1,7,2024-02-10,20240210,20240210,20240210,completed,0.37,2.06,2.29,,0.0
1885,73,28,2,3,2024-02-06,20240206,20240206,20240206,completed,4.33,1.45,18.84,2.0,2.71
1886,136,46,1,3,2024-02-20,20240220,20240220,20240220,cancelled_user,11.62,2.14,74.6,,0.0
1887,97,27,1,2,2024-01-15,20240115,20240115,20240115,completed,0.06,1.31,0.24,2.0,4.86
1888,123,4,1,10,2024-01-08,20240108,20240108,20240108,completed,3.45,1.82,18.84,1.0,3.51
1889,70,15,1,6,2024-02-07,20240207,20240207,20240207,completed,2.15,2.21,14.25,,0.0
1890,169,35,1,10,2024-03-23,20240323,20240323,20240323,completed,4.34,1.81,23.57,,0.0
1891,196,37,2,2,2024-02-25,20240225,20240225,20240225,completed,1.28,2.36,9.06,2.0,3.28
1892,13,1,2,10,2024-02-16,20240216,20240216,20240216,completed,0.34,1.09,1.11,,0.0
1893,49,3,1,4,2024-03-30,20240330,20240330,20240330,completed,4.92,1.88,27.75,2.0,4.1
1894,60,47,2,10,2024-01-10,20240110,20240110,20240110,completed,2.7,1.84,14.9,2.0,3.18
1895,130,24,3,9,2024-03-18,20240318,20240318,20240318,completed,4.87,1.99,29.07,,0.0
1896,188,27,1,9,2024-02-18,20240218,20240218,20240218,completed,1.18,2.25,7.96,,0.0
1897,5,40,3,6,2024-02-10,20240210,20240210,20240210,completed,2.07,2.09,12.98,,0.0
1898,172,36,2,4,2024-03-23,20240323,20240323,20240323,completed,4.12,2.19,27.07,,0.0
1899,27,34,2,7,2024-01-30,20240130,20240130,20240130,completed,4.5,1.43,19.3,,0.0
1900,160,29,3,1,2024-01-05,20240105,20240105,20240105,completed,2.33,1.58,11.04,1.0,4.24
1901,149,24,2,4,2024-03-11,20240311,20240311,20240311,completed,1.64,1.94,9.54,2.0,3.5
1902,8,24,1,5,2024-03-23,20240323,20240323,20240323,cancelled_user,1.6,1.83,8.78,,0.0
1903,200,42,3,8,2024-01-31,20240131,20240131,20240131,completed,0.96,2.44,7.03,,0.0
1904,50,4,1,2,2024-02-21,20240221,20240221,20240221,completed,1.97,1.28,7.56,,0.0
1905,67,3,3,5,2024-03-28,20240328,20240328,20240328,completed,1.11,1.53,5.09,1.0,1.79
1906,44,34,2,6,2024-01-23,20240123,20240123,20240123,completed,5.02,1.86,28.01,2.0,3.72
1907,125,49,3,5,2024-02-17,20240217,20240217,20240217,completed,4.21,2.3,29.05,,0.0
1908,58,23,3,9,2024-02-09,20240209,20240209,20240209,completed,2.41,2.39,17.28,2.0,1.01
1909,3,23,1,10,2024-01-06,20240106,20240106,20240106,completed,1.97,1.5,8.86,2.0,4.74
1910,86,45,2,1,2024-02-07,20240207,20240207,20240207,cancelled_driver,1.36,1.1,4.49,1.0,2.22
1911,70,5,1,3,2024-02-10,20240210,20240210,20240210,completed,3.83,1.63,18.73,1.0,1.79
1912,130,31,2,2,2024-01-27,20240127,20240127,20240127,completed,12.56,1.59,59.91,,0.0
1913,172,41,1,3,2024-03-15,20240315,20240315,20240315,cancelled_driver,5.79,2.48,43.08,,0.0
1914,2,6,3,10,2024-03-09,20240309,20240309,20240309,cancelled_user,6.82,1.65,33.76,1.0,2.9
1915,102,37,1,9,2024-02-26,20240226,20240226,20240226,completed,8.99,1.46,39.38,2.0,1.28
1916,35,10,2,9,2024-01-17,20240117,20240117,20240117,completed,2.17,1.55,10.09,,0.0
1917,98,40,2,10,2024-03-11,20240311,20240311,20240311,cancelled_user,0.32,1.6,1.54,2.0,2.17
1918,30,7,3,2,2024-03-31,20240331,20240331,20240331,completed,4.87,2.23,32.58,,0.0
1919,116,39,2,3,2024-02-16,20240216,20240216,20240216,completed,1.05,1.12,3.53,,0.0
1920,8,38,1,4,2024-03-19,20240319,20240319,20240319,cancelled_user,4.21,1.47,18.57,,0.0
1921,150,21,3,9,2024-01-13,20240113,20240113,20240113,completed,6.73,2.45,49.47,,0.0
1922,44,20,2,3,2024-01-11,20240111,20240111,20240111,completed,7.65,1.23,28.23,2.0,1.1
1923,186,3,2,7,2024-03-30,20240330,20240330,20240330,completed,1.8,2.11,11.39,,0.0
1924,36,22,1,3,2024-03-26,20240326,20240326,20240326,completed,3.59,1.53,16.48,1.0,4.54
1925,197,47,1,7,2024-01-24,20240124,20240124,20240124,cancelled_user,4.85,1.87,27.21,1.0,1.84
1926,77,4,3,7,2024-03-13,20240313,20240313,20240313,completed,8.56,1.15,29.53,1.0,1.65
1927,31,28,2,9,2024-01-04,20240104,20240104,20240104,cancelled_user,7.16,1.46,31.36,,0.0
1928,47,12,1,2,2024-02-15,20240215,20240215,20240215,completed,22.1,1.75,116.03,2.0,3.52
1929,55,38,3,6,2024-01-18,20240118,20240118,20240118,completed,0.04,1.35,0.16,1.0,4.83
1930,106,36,2,9,2024-02-12,20240212,20240212,20240212,completed,2.88,1.81,15.64,,0.0
1931,190,47,2,2,2024-03-20,20240320,20240320,20240320,completed,1.48,1.33,5.91,,0.0
1932,158,41,3,2,2024-02-02,20240202,20240202,20240202,cancelled_user,0.64,1.98,3.8,1.0,4.51
1933,121,5,3,5,2024-01-10,20240110,20240110,20240110,completed,12.12,2.36,85.81,,0.0
1934,55,13,1,10,2024-03-13,20240313,20240313,20240313,completed,30.98,1.13,105.02,1.0,1.49
1935,144,23,2,10,2024-02-28,20240228,20240228,20240228,completed,1.0,1.32,3.96,,0.0
1936,12,50,2,10,2024-01-31,20240131,20240131,20240131,completed,0.2,2.27,1.36,2.0,1.55
1937,145,30,2,8,2024-01-28,20240128,20240128,20240128,completed,1.61,1.95,9.42,,0.0
1938,144,37,3,9,2024-02-29,20240229,20240229,20240229,completed,9.0,1.12,30.24,2.0,4.01
1939,140,25,1,2,2024-01-03,20240103,20240103,20240103,completed,1.74,1.73,9.03,,0.0
1940,136,48,2,5,2024-02-24,20240224,20240224,20240224,completed,0.29,1.31,1.14,2.0,1.01
1941,3,27,3,7,2024-01-14,20240114,20240114,20240114,completed,0.27,1.3,1.05,2.0,4.49
1942,144,14,2,6,2024-02-27,20240227,20240227,20240227,completed,2.79,2.41,20.17,1.0,2.78
1943,30,48,1,6,2024-03-29,20240329,20240329,20240329,completed,13.43,2.14,86.22,2.0,1.96
1944,23,47,2,7,2024-01-15,20240115,20240115,20240115,completed,1.68,2.04,10.28,,0.0
1945,92,36,1,3,2024-01-02,20240102,20240102,20240102,completed,2.79,1.36,11.38,,0.0
1946,115,39,1,3,2024-01-24,20240124,20240124,20240124,completed,0.54,1.18,1.91,,0.0
1947,104,16,2,10,2024-03-18,20240318,20240318,20240318,completed,3.4,2.31,23.56,,0.0
1948,118,22,2,9,2024-03-04,20240304,20240304,20240304,cancelled_user,5.96,1.01,18.06,,0.0
1949,5,21,1,8,2024-03-11,20240311,20240311,20240311,completed,1.58,1.58,7.49,,0.0
1950,104,21,3,5,2024-01-24,20240124,20240124,20240124,completed,1.76,1.42,7.5,1.0,1.31
1951,108,8,1,6,2024-01-27,20240127,20240127,20240127,completed,9.23,1.86,51.5,,0.0
1952,65,49,2,10,2024-02-06,20240206,20240206,20240206,completed,0.05,1.38,0.21,1.0,3.41
1953,121,16,2,1,2024-03-31,20240331,20240331,20240331,completed,5.06,1.47,22.31,,0.0
1954,30,31,3,10,2024-02-08,20240208,20240208,20240208,completed,2.5,2.28,17.1,,0.0
1955,149,42,1,1,2024-03-03,20240303,20240303,20240303,completed,1.77,1.9,10.09,,0.0
1956,84,10,1,4,2024-03-19,20240319,20240319,20240319,completed,5.36,1.22,19.62,,0.0
1957,198,32,1,2,2024-01-26,20240126,20240126,20240126,completed,9.0,2.09,56.43,2.0,3.81
1958,150,34,2,7,2024-03-05,20240305,20240305,20240305,completed,4.09,1.31,16.07,,0.0
1959,200,9,1,2,2024-01-04,20240104,20240104,20240104,completed,0.16,1.65,0.79,,0.0
1960,32,17,3,10,2024-01-29,20240129,20240129,20240129,completed,3.09,1.97,18.26,,0.0
1961,161,11,2,2,2024-01-01,20240101,20240101,20240101,completed,3.11,1.41,13.16,,0.0
1962,16,32,2,5,2024-02-19,20240219,20240219,20240219,completed,3.92,1.58,18.58,,0.0
1963,38,10,1,4,2024-03-26,20240326,20240326,20240326,completed,5.56,2.1,35.03,,0.0
1964,142,22,3,8,2024-01-11,20240111,20240111,20240111,completed,0.1,2.41,0.72,,0.0
1965,36,17,2,4,2024-03-14,20240314,20240314,20240314,completed,3.49,1.79,18.74,,0.0
1966,151,4,2,6,2024-02-28,20240228,20240228,20240228,cancelled_user,4.44,1.01,13.45,,0.0
1967,114,48,1,5,2024-03-02,20240302,20240302,20240302,completed,2.1,1.51,9.51,,0.0
1968,66,47,1,2,2024-03-21,20240321,20240321,20240321,completed,5.52,1.6,26.5,,0.0
1969,105,25,3,8,2024-02-05,20240205,20240205,20240205,completed,1.3,1.51,5.89,,0.0
1970,85,21,1,2,2024-02-25,20240225,20240225,20240225,completed,1.91,1.65,9.45,1.0,2.02
1971,2,37,3,9,2024-03-30,20240330,20240330,20240330,completed,16.45,1.95,96.23,,0.0
1972,193,38,2,9,2024-01-21,20240121,20240121,20240121,completed,2.14,1.18,7.58,,0.0
1973,75,49,3,3,2024-01-13,20240113,20240113,20240113,completed,2.13,1.41,9.01,2.0,4.54
1974,67,1,3,4,2024-01-09,20240109,20240109,20240109,cancelled_user,4.53,1.76,23.92,1.0,1.93
1975,180,25,3,8,2024-01-11,20240111,20240111,20240111,completed,17.7,1.47,78.06,2.0,2.8
1976,190,36,2,9,2024-03-15,20240315,20240315,20240315,completed,20.4,2.49,152.39,,0.0
1977,151,17,1,3,2024-03-10,20240310,20240310,20240310,cancelled_user,4.33,1.65,21.43,2.0,2.34
1978,154,41,2,5,2024-01-01,20240101,20240101,20240101,completed,0.01,2.3,0.07,,0.0
1979,196,24,1,8,2024-03-10,20240310,20240310,20240310,cancelled_user,11.55,2.34,81.08,,0.0
1980,55,2,3,3,2024-03-17,20240317,20240317,20240317,completed,4.22,2.25,28.48,,0.0
1981,6,40,3,7,2024-03-26,20240326,20240326,20240326,completed,2.28,1.07,7.32,2.0,1.87
1982,163,15,3,8,2024-02-25,20240225,20240225,20240225,cancelled_driver,8.84,2.42,64.18,,0.0
1983,150,32,3,10,2024-01-31,20240131,20240131,20240131,completed,2.55,1.19,9.1,,0.0
1984,171,39,3,3,2024-03-26,20240326,20240326,20240326,completed,0.17,1.05,0.54,1.0,2.93
1985,143,6,1,2,2024-02-06,20240206,20240206,20240206,completed,8.6,1.62,41.8,,0.0
1986,86,1,1,10,2024-02-16,20240216,20240216,20240216,completed,3.95,1.29,15.29,,0.0
1987,60,47,3,7,2024-03-31,20240331,20240331,20240331,completed,2.06,1.28,7.91,,0.0
1988,101,23,2,9,2024-03-18,20240318,20240318,20240318,completed,1.44,1.43,6.18,,0.0
1989,12,39,2,1,2024-02-16,20240216,20240216,20240216,completed,4.5,1.37,18.5,2.0,4.21
1990,49,17,3,3,2024-03-09,20240309,20240309,20240309,completed,1.17,2.03,7.13,1.0,3.55
1991,42,34,1,5,2024-02-27,20240227,20240227,20240227,completed,1.96,1.28,7.53,1.0,1.26
1992,166,41,2,3,2024-02-05,20240205,20240205,20240205,cancelled_driver,5.06,1.81,27.48,,0.0
1993,82,29,2,1,2024-02-01,20240201,20240201,20240201,completed,10.67,2.48,79.38,,0.0
1994,173,9,2,7,2024-03-04,20240304,20240304,20240304,completed,3.81,1.65,18.86,,0.0
1995,35,13,3,7,2024-03-11,20240311,20240311,20240311,completed,7.12,1.96,41.87,2.0,3.35
1996,158,6,2,10,2024-02-11,20240211,20240211,20240211,completed,7.2,2.45,52.92,,0.0
1997,158,6,2,8,2024-02-17,20240217,20240217,20240217,completed,5.46,1.21,19.82,,0.0
1998,134,20,2,5,2024-03-14,20240314,20240314,20240314,completed,1.41,1.63,6.89,2.0,2.49
1999,67,3,2,10,2024-03-21,20240321,20240321,20240321,cancelled_user,10.08,2.28,68.95,,0.0
2000,80,17,1,5,2024-01-30,20240130,20240130,20240130,cancelled_driver,2.87,2.4,20.66,,0.0
